order_id,date,item_name,item_type,item_price,quantity,transaction_amount,transaction_type,received_by,time_of_sale,Year,total_amount
1,2022-07-03,Aalopuri,Fastfood,20,13,260,Credit Card,Mr.,Night,2022,260
2,2022-08-23,Vadapav,Fastfood,20,15,300,Cash,Mr.,Afternoon,2022,300
3,2022-11-20,Vadapav,Fastfood,20,1,20,Cash,Mr.,Afternoon,2022,20
4,2023-02-03,Sugarcane juice,Beverages,25,6,150,Online,Mr.,Night,2023,150
5,2022-10-02,Sugarcane juice,Beverages,25,8,200,Online,Mr.,Evening,2022,200
6,2022-11-14,Vadapav,Fastfood,20,10,200,Cash,Mr.,Evening,2022,200
7,2022-05-03,Sugarcane juice,Beverages,25,9,225,Cash,Mr.,Evening,2022,225
8,2022-12-22,Panipuri,Fastfood,20,14,280,Online,Mr.,Night,2022,280
9,2022-06-10,Panipuri,Fastfood,20,1,20,Cash,Mrs.,Morning,2022,20
10,2022-09-16,Panipuri,Fastfood,20,5,100,Online,Mr.,Afternoon,2022,100
11,2022-12-01,Frankie,Fastfood,50,8,400,Online,Mrs.,Afternoon,2022,400
12,2022-07-12,Vadapav,Fastfood,20,8,160,Online,Mrs.,Night,2022,160
13,2022-12-22,Panipuri,Fastfood,20,9,180,Online,Mrs.,Afternoon,2022,180
14,2022-11-25,Frankie,Fastfood,50,4,200,Online,Mr.,Morning,2022,200
15,2023-02-03,Aalopuri,Fastfood,20,3,60,Cash,Mrs.,Evening,2023,60
16,2022-04-14,Sandwich,Fastfood,60,11,660,Credit Card,Mrs.,Midnight,2022,660
17,2022-10-16,Panipuri,Fastfood,20,11,220,Cash,Mrs.,Morning,2022,220
18,2022-11-05,Panipuri,Fastfood,20,10,200,Cash,Mrs.,Night,2022,200
19,2022-08-22,Panipuri,Fastfood,20,11,220,Cash,Mrs.,Night,2022,220
20,2022-09-15,Cold coffee,Beverages,40,10,400,Online,Mr.,Night,2022,400
21,2022-12-21,Cold coffee,Beverages,40,15,600,Cash,Mr.,Evening,2022,600
22,2022-10-04,Sugarcane juice,Beverages,25,12,300,Online,Mr.,Evening,2022,300
23,2022-05-26,Sandwich,Fastfood,60,3,180,Online,Mr.,Midnight,2022,180
24,2023-02-11,Sugarcane juice,Beverages,25,10,250,Online,Mr.,Afternoon,2023,250
25,2022-08-31,Sandwich,Fastfood,60,1,60,Online,Mrs.,Evening,2022,60
26,2022-08-18,Sugarcane juice,Beverages,25,4,100,Cash,Mr.,Afternoon,2022,100
27,2022-10-12,Cold coffee,Beverages,40,11,440,Online,Mrs.,Afternoon,2022,440
28,2023-01-06,Cold coffee,Beverages,40,10,400,Online,Mrs.,Afternoon,2023,400
29,2023-02-10,Sugarcane juice,Beverages,25,9,225,Online,Mr.,Afternoon,2023,225
30,2023-01-28,Frankie,Fastfood,50,2,100,Cash,Mrs.,Night,2023,100
31,2022-09-14,Cold coffee,Beverages,40,13,520,Online,Mrs.,Evening,2022,520
32,2022-05-06,Aalopuri,Fastfood,20,4,80,Credit Card,Mr.,Morning,2022,80
33,2023-02-05,Aalopuri,Fastfood,20,13,260,Online,Mr.,Night,2023,260
34,2023-02-04,Frankie,Fastfood,50,12,600,Online,Mrs.,Evening,2023,600
35,2022-05-22,Vadapav,Fastfood,20,8,160,Cash,Mr.,Morning,2022,160
36,2022-07-02,Cold coffee,Beverages,40,10,400,Online,Mr.,Afternoon,2022,400
37,2023-01-05,Frankie,Fastfood,50,10,500,Cash,Mr.,Night,2023,500
38,2023-03-08,Panipuri,Fastfood,20,12,240,Online,Mrs.,Night,2023,240
39,2022-05-14,Vadapav,Fastfood,20,2,40,Online,Mr.,Evening,2022,40
40,2023-02-05,Sandwich,Fastfood,60,5,300,Online,Mrs.,Night,2023,300
41,2022-11-13,Cold coffee,Beverages,40,11,440,Credit Card,Mr.,Afternoon,2022,440
42,2022-05-09,Aalopuri,Fastfood,20,8,160,Online,Mrs.,Night,2022,160
43,2022-05-26,Vadapav,Fastfood,20,1,20,Cash,Mr.,Night,2022,20
44,2022-08-28,Cold coffee,Beverages,40,12,480,Cash,Mr.,Evening,2022,480
45,2022-08-15,Sugarcane juice,Beverages,25,6,150,Cash,Mrs.,Afternoon,2022,150
46,2022-05-07,Vadapav,Fastfood,20,7,140,Cash,Mr.,Evening,2022,140
47,2022-07-10,Sandwich,Fastfood,60,7,420,Credit Card,Mr.,Morning,2022,420
48,2023-02-23,Sandwich,Fastfood,60,14,840,Online,Mr.,Afternoon,2023,840
49,2022-11-06,Frankie,Fastfood,50,4,200,Online,Mrs.,Morning,2022,200
50,2022-11-02,Vadapav,Fastfood,20,8,160,Cash,Mrs.,Midnight,2022,160
51,2022-05-16,Frankie,Fastfood,50,15,750,Online,Mrs.,Morning,2022,750
52,2023-03-16,Sugarcane juice,Beverages,25,12,300,Cash,Mrs.,Midnight,2023,300
53,2022-07-26,Aalopuri,Fastfood,20,13,260,Cash,Mr.,Afternoon,2022,260
54,2022-12-28,Panipuri,Fastfood,20,14,280,Online,Mrs.,Morning,2022,280
55,2022-05-07,Sandwich,Fastfood,60,10,600,Cash,Mr.,Night,2022,600
56,2022-11-23,Panipuri,Fastfood,20,11,220,Cash,Mrs.,Midnight,2022,220
57,2022-08-04,Panipuri,Fastfood,20,14,280,Online,Mrs.,Morning,2022,280
58,2023-02-03,Vadapav,Fastfood,20,6,120,Online,Mrs.,Morning,2023,120
59,2022-07-01,Vadapav,Fastfood,20,5,100,Cash,Mr.,Morning,2022,100
60,2022-06-11,Cold coffee,Beverages,40,2,80,Online,Mr.,Night,2022,80
61,2022-12-25,Vadapav,Fastfood,20,14,280,Cash,Mrs.,Afternoon,2022,280
62,2022-10-17,Sugarcane juice,Beverages,25,3,75,Cash,Mr.,Afternoon,2022,75
63,2022-12-01,Sandwich,Fastfood,60,7,420,Online,Mrs.,Morning,2022,420
64,2022-12-09,Cold coffee,Beverages,40,1,40,Cash,Mr.,Morning,2022,40
65,2022-07-25,Aalopuri,Fastfood,20,4,80,Cash,Mr.,Morning,2022,80
66,2022-04-05,Frankie,Fastfood,50,2,100,Cash,Mrs.,Morning,2022,100
67,2022-05-15,Aalopuri,Fastfood,20,9,180,Cash,Mr.,Midnight,2022,180
68,2022-12-17,Cold coffee,Beverages,40,2,80,Credit Card,Mr.,Night,2022,80
69,2023-01-10,Vadapav,Fastfood,20,7,140,Cash,Mr.,Midnight,2023,140
70,2022-05-09,Cold coffee,Beverages,40,14,560,Credit Card,Mrs.,Morning,2022,560
71,2022-12-05,Cold coffee,Beverages,40,6,240,Online,Mr.,Night,2022,240
72,2023-03-09,Frankie,Fastfood,50,13,650,Online,Mr.,Afternoon,2023,650
73,2022-07-29,Panipuri,Fastfood,20,5,100,Cash,Mr.,Midnight,2022,100
74,2022-08-15,Cold coffee,Beverages,40,10,400,Online,Mrs.,Evening,2022,400
75,2023-02-02,Cold coffee,Beverages,40,6,240,Online,Mrs.,Afternoon,2023,240
76,2022-08-17,Vadapav,Fastfood,20,9,180,Online,Mr.,Morning,2022,180
77,2023-02-04,Sugarcane juice,Beverages,25,12,300,Cash,Mrs.,Midnight,2023,300
78,2022-10-01,Vadapav,Fastfood,20,4,80,Cash,Mrs.,Evening,2022,80
79,2022-11-05,Panipuri,Fastfood,20,6,120,Online,Mr.,Night,2022,120
80,2022-05-24,Frankie,Fastfood,50,13,650,Cash,Mr.,Evening,2022,650
81,2022-11-19,Frankie,Fastfood,50,12,600,Online,Mrs.,Night,2022,600
82,2022-07-17,Frankie,Fastfood,50,3,150,Online,Mrs.,Evening,2022,150
83,2022-11-13,Frankie,Fastfood,50,11,550,Credit Card,Mr.,Evening,2022,550
84,2023-03-03,Panipuri,Fastfood,20,13,260,Cash,Mr.,Midnight,2023,260
85,2022-08-19,Aalopuri,Fastfood,20,3,60,Online,Mrs.,Night,2022,60
86,2023-03-09,Aalopuri,Fastfood,20,15,300,Cash,Mr.,Morning,2023,300
87,2022-05-29,Aalopuri,Fastfood,20,8,160,Cash,Mr.,Night,2022,160
88,2022-07-07,Cold coffee,Beverages,40,10,400,Cash,Mr.,Evening,2022,400
89,2022-12-23,Aalopuri,Fastfood,20,14,280,Cash,Mr.,Evening,2022,280
90,2022-10-29,Vadapav,Fastfood,20,15,300,Online,Mr.,Night,2022,300
91,2023-03-22,Cold coffee,Beverages,40,6,240,Credit Card,Mrs.,Evening,2023,240
92,2022-05-13,Aalopuri,Fastfood,20,15,300,Cash,Mr.,Afternoon,2022,300
93,2022-07-03,Cold coffee,Beverages,40,2,80,Online,Mrs.,Midnight,2022,80
94,2022-09-14,Aalopuri,Fastfood,20,15,300,Credit Card,Mrs.,Night,2022,300
95,2022-05-12,Sugarcane juice,Beverages,25,8,200,Online,Mr.,Night,2022,200
96,2022-08-22,Sandwich,Fastfood,60,15,900,Credit Card,Mr.,Morning,2022,900
97,2023-03-29,Cold coffee,Beverages,40,13,520,Online,Mr.,Evening,2023,520
98,2022-12-24,Vadapav,Fastfood,20,1,20,Online,Mr.,Morning,2022,20
99,2022-09-11,Sugarcane juice,Beverages,25,3,75,Cash,Mr.,Evening,2022,75
100,2022-05-08,Panipuri,Fastfood,20,11,220,Credit Card,Mr.,Morning,2022,220
101,2023-03-26,Vadapav,Fastfood,20,3,60,Online,Mrs.,Morning,2023,60
102,2023-03-13,Cold coffee,Beverages,40,14,560,Cash,Mr.,Morning,2023,560
103,2023-03-14,Cold coffee,Beverages,40,8,320,Online,Mrs.,Midnight,2023,320
104,2022-10-27,Cold coffee,Beverages,40,13,520,Online,Mr.,Morning,2022,520
105,2023-01-25,Panipuri,Fastfood,20,8,160,Cash,Mrs.,Evening,2023,160
106,2023-02-25,Frankie,Fastfood,50,9,450,Cash,Mrs.,Evening,2023,450
107,2023-02-07,Sandwich,Fastfood,60,4,240,Online,Mr.,Afternoon,2023,240
108,2022-08-06,Panipuri,Fastfood,20,5,100,Online,Mr.,Afternoon,2022,100
109,2022-08-08,Cold coffee,Beverages,40,12,480,Credit Card,Mr.,Afternoon,2022,480
110,2022-11-16,Panipuri,Fastfood,20,2,40,Online,Mrs.,Morning,2022,40
111,2022-09-04,Sandwich,Fastfood,60,8,480,Cash,Mrs.,Midnight,2022,480
112,2023-02-24,Sandwich,Fastfood,60,7,420,Cash,Mr.,Morning,2023,420
113,2022-12-12,Aalopuri,Fastfood,20,8,160,Cash,Mr.,Afternoon,2022,160
114,2022-08-14,Aalopuri,Fastfood,20,10,200,Online,Mr.,Afternoon,2022,200
115,2023-01-12,Aalopuri,Fastfood,20,13,260,Credit Card,Mr.,Evening,2023,260
116,2022-08-26,Sugarcane juice,Beverages,25,13,325,Cash,Mr.,Evening,2022,325
117,2023-03-09,Frankie,Fastfood,50,7,350,Online,Mrs.,Evening,2023,350
118,2022-07-06,Sandwich,Fastfood,60,1,60,Online,Mr.,Midnight,2022,60
119,2022-05-12,Panipuri,Fastfood,20,10,200,Cash,Mr.,Evening,2022,200
120,2022-07-10,Frankie,Fastfood,50,2,100,Cash,Mrs.,Evening,2022,100
121,2022-08-26,Cold coffee,Beverages,40,8,320,Cash,Mr.,Afternoon,2022,320
122,2022-04-24,Panipuri,Fastfood,20,3,60,Credit Card,Mrs.,Night,2022,60
123,2022-06-09,Cold coffee,Beverages,40,6,240,Online,Mr.,Evening,2022,240
124,2022-10-14,Sugarcane juice,Beverages,25,13,325,Credit Card,Mrs.,Evening,2022,325
125,2022-04-10,Vadapav,Fastfood,20,7,140,Cash,Mrs.,Midnight,2022,140
126,2022-04-08,Panipuri,Fastfood,20,11,220,Online,Mrs.,Night,2022,220
127,2022-12-03,Aalopuri,Fastfood,20,1,20,Credit Card,Mrs.,Morning,2022,20
128,2022-08-07,Vadapav,Fastfood,20,11,220,Online,Mr.,Midnight,2022,220
129,2022-10-19,Panipuri,Fastfood,20,13,260,Cash,Mrs.,Morning,2022,260
130,2022-12-28,Sugarcane juice,Beverages,25,7,175,Cash,Mr.,Night,2022,175
131,2023-01-19,Sandwich,Fastfood,60,8,480,Cash,Mr.,Night,2023,480
132,2022-12-05,Vadapav,Fastfood,20,4,80,Online,Mrs.,Night,2022,80
133,2022-12-20,Aalopuri,Fastfood,20,5,100,Online,Mr.,Midnight,2022,100
134,2022-07-17,Aalopuri,Fastfood,20,12,240,Online,Mrs.,Night,2022,240
135,2023-01-14,Aalopuri,Fastfood,20,8,160,Online,Mr.,Midnight,2023,160
136,2022-08-24,Aalopuri,Fastfood,20,15,300,Online,Mr.,Morning,2022,300
137,2023-03-19,Sugarcane juice,Beverages,25,6,150,Credit Card,Mr.,Afternoon,2023,150
138,2022-09-01,Sandwich,Fastfood,60,15,900,Online,Mr.,Night,2022,900
139,2023-02-26,Frankie,Fastfood,50,11,550,Online,Mrs.,Night,2023,550
140,2022-06-12,Frankie,Fastfood,50,13,650,Cash,Mr.,Night,2022,650
141,2022-06-15,Aalopuri,Fastfood,20,4,80,Credit Card,Mr.,Evening,2022,80
142,2022-12-30,Sugarcane juice,Beverages,25,12,300,Cash,Mrs.,Morning,2022,300
143,2022-09-18,Frankie,Fastfood,50,8,400,Credit Card,Mrs.,Afternoon,2022,400
144,2022-11-17,Panipuri,Fastfood,20,10,200,Cash,Mrs.,Evening,2022,200
145,2022-10-09,Sandwich,Fastfood,60,14,840,Online,Mr.,Morning,2022,840
146,2022-10-28,Frankie,Fastfood,50,4,200,Credit Card,Mrs.,Afternoon,2022,200
147,2022-05-17,Panipuri,Fastfood,20,7,140,Online,Mr.,Evening,2022,140
148,2023-03-19,Sandwich,Fastfood,60,13,780,Online,Mr.,Evening,2023,780
149,2022-08-09,Sandwich,Fastfood,60,7,420,Online,Mr.,Morning,2022,420
150,2023-01-30,Cold coffee,Beverages,40,14,560,Cash,Mr.,Afternoon,2023,560
151,2022-07-10,Frankie,Fastfood,50,13,650,Online,Mrs.,Morning,2022,650
152,2022-10-24,Cold coffee,Beverages,40,9,360,Online,Mr.,Afternoon,2022,360
153,2022-07-21,Panipuri,Fastfood,20,1,20,Cash,Mrs.,Evening,2022,20
154,2022-12-13,Vadapav,Fastfood,20,3,60,Cash,Mr.,Night,2022,60
155,2023-02-07,Sugarcane juice,Beverages,25,10,250,Cash,Mrs.,Evening,2023,250
156,2023-03-25,Panipuri,Fastfood,20,14,280,Cash,Mr.,Midnight,2023,280
157,2023-02-24,Frankie,Fastfood,50,7,350,Online,Mrs.,Midnight,2023,350
158,2022-05-16,Aalopuri,Fastfood,20,2,40,Credit Card,Mr.,Midnight,2022,40
159,2022-10-03,Sugarcane juice,Beverages,25,1,25,Online,Mrs.,Afternoon,2022,25
160,2022-07-23,Vadapav,Fastfood,20,10,200,Online,Mr.,Night,2022,200
161,2023-01-19,Sugarcane juice,Beverages,25,12,300,Cash,Mr.,Evening,2023,300
162,2022-05-07,Aalopuri,Fastfood,20,11,220,Cash,Mr.,Midnight,2022,220
163,2023-01-06,Frankie,Fastfood,50,6,300,Online,Mrs.,Midnight,2023,300
164,2022-08-10,Sugarcane juice,Beverages,25,7,175,Online,Mr.,Afternoon,2022,175
165,2023-01-05,Sandwich,Fastfood,60,11,660,Cash,Mr.,Midnight,2023,660
166,2022-06-01,Panipuri,Fastfood,20,6,120,Cash,Mrs.,Evening,2022,120
167,2023-02-23,Cold coffee,Beverages,40,6,240,Cash,Mrs.,Morning,2023,240
168,2022-04-19,Sandwich,Fastfood,60,4,240,Cash,Mrs.,Midnight,2022,240
169,2022-06-20,Vadapav,Fastfood,20,6,120,Cash,Mr.,Morning,2022,120
170,2023-02-13,Aalopuri,Fastfood,20,6,120,Credit Card,Mrs.,Afternoon,2023,120
171,2023-03-02,Vadapav,Fastfood,20,11,220,Cash,Mrs.,Midnight,2023,220
172,2022-08-27,Sugarcane juice,Beverages,25,6,150,Online,Mrs.,Night,2022,150
173,2023-01-20,Cold coffee,Beverages,40,2,80,Online,Mr.,Night,2023,80
174,2022-09-03,Aalopuri,Fastfood,20,2,40,Online,Mr.,Evening,2022,40
175,2022-10-17,Frankie,Fastfood,50,12,600,Cash,Mrs.,Afternoon,2022,600
176,2022-08-04,Panipuri,Fastfood,20,1,20,Cash,Mrs.,Midnight,2022,20
177,2022-07-21,Panipuri,Fastfood,20,11,220,Online,Mrs.,Morning,2022,220
178,2022-12-09,Aalopuri,Fastfood,20,2,40,Cash,Mrs.,Morning,2022,40
179,2023-03-03,Sugarcane juice,Beverages,25,5,125,Credit Card,Mrs.,Midnight,2023,125
180,2022-12-01,Vadapav,Fastfood,20,6,120,Online,Mrs.,Afternoon,2022,120
181,2022-06-09,Cold coffee,Beverages,40,7,280,Cash,Mrs.,Night,2022,280
182,2022-07-02,Cold coffee,Beverages,40,1,40,Cash,Mr.,Midnight,2022,40
183,2022-07-10,Sugarcane juice,Beverages,25,5,125,Cash,Mrs.,Midnight,2022,125
184,2023-01-03,Cold coffee,Beverages,40,8,320,Cash,Mr.,Night,2023,320
185,2023-01-13,Sugarcane juice,Beverages,25,15,375,Credit Card,Mr.,Night,2023,375
186,2023-03-15,Frankie,Fastfood,50,2,100,Online,Mr.,Afternoon,2023,100
187,2022-10-11,Aalopuri,Fastfood,20,15,300,Cash,Mrs.,Morning,2022,300
188,2022-12-28,Panipuri,Fastfood,20,14,280,Cash,Mrs.,Night,2022,280
189,2023-02-08,Vadapav,Fastfood,20,12,240,Online,Mr.,Afternoon,2023,240
190,2022-04-26,Cold coffee,Beverages,40,1,40,Online,Mr.,Evening,2022,40
191,2022-05-20,Sugarcane juice,Beverages,25,14,350,Cash,Mrs.,Morning,2022,350
192,2022-10-26,Vadapav,Fastfood,20,2,40,Online,Mr.,Night,2022,40
193,2023-02-05,Cold coffee,Beverages,40,15,600,Online,Mrs.,Midnight,2023,600
194,2022-12-15,Vadapav,Fastfood,20,4,80,Cash,Mrs.,Morning,2022,80
195,2022-04-23,Sandwich,Fastfood,60,4,240,Cash,Mrs.,Night,2022,240
196,2022-06-25,Sandwich,Fastfood,60,3,180,Cash,Mr.,Evening,2022,180
197,2022-11-08,Panipuri,Fastfood,20,10,200,Cash,Mrs.,Midnight,2022,200
198,2023-01-05,Frankie,Fastfood,50,15,750,Cash,Mr.,Morning,2023,750
199,2023-02-01,Frankie,Fastfood,50,6,300,Online,Mrs.,Morning,2023,300
200,2022-12-25,Cold coffee,Beverages,40,10,400,Cash,Mrs.,Morning,2022,400
201,2022-06-30,Panipuri,Fastfood,20,8,160,Cash,Mr.,Morning,2022,160
202,2022-09-21,Aalopuri,Fastfood,20,9,180,Cash,Mr.,Afternoon,2022,180
203,2022-04-11,Vadapav,Fastfood,20,6,120,Online,Mrs.,Midnight,2022,120
204,2022-10-24,Cold coffee,Beverages,40,7,280,Cash,Mrs.,Evening,2022,280
205,2022-10-17,Vadapav,Fastfood,20,4,80,Credit Card,Mr.,Afternoon,2022,80
206,2022-07-27,Aalopuri,Fastfood,20,4,80,Cash,Mr.,Night,2022,80
207,2023-02-20,Cold coffee,Beverages,40,8,320,Online,Mrs.,Evening,2023,320
208,2022-08-26,Cold coffee,Beverages,40,13,520,Cash,Mrs.,Midnight,2022,520
209,2022-12-04,Aalopuri,Fastfood,20,2,40,Cash,Mr.,Night,2022,40
210,2023-01-02,Sugarcane juice,Beverages,25,15,375,Credit Card,Mr.,Night,2023,375
211,2022-04-18,Aalopuri,Fastfood,20,12,240,Cash,Mr.,Morning,2022,240
212,2022-05-05,Cold coffee,Beverages,40,12,480,Online,Mrs.,Morning,2022,480
213,2022-09-29,Vadapav,Fastfood,20,3,60,Credit Card,Mrs.,Midnight,2022,60
214,2022-12-03,Sugarcane juice,Beverages,25,14,350,Online,Mr.,Evening,2022,350
215,2022-12-10,Sugarcane juice,Beverages,25,7,175,Credit Card,Mrs.,Morning,2022,175
216,2023-03-07,Panipuri,Fastfood,20,9,180,Cash,Mrs.,Afternoon,2023,180
217,2023-03-23,Cold coffee,Beverages,40,10,400,Cash,Mr.,Morning,2023,400
218,2022-12-23,Cold coffee,Beverages,40,13,520,Online,Mrs.,Midnight,2022,520
219,2022-10-01,Aalopuri,Fastfood,20,9,180,Cash,Mrs.,Evening,2022,180
220,2022-05-13,Sugarcane juice,Beverages,25,1,25,Cash,Mr.,Afternoon,2022,25
221,2023-03-26,Sandwich,Fastfood,60,1,60,Online,Mr.,Evening,2023,60
222,2022-09-11,Sandwich,Fastfood,60,6,360,Cash,Mrs.,Morning,2022,360
223,2022-09-21,Panipuri,Fastfood,20,13,260,Online,Mr.,Night,2022,260
224,2023-03-23,Sugarcane juice,Beverages,25,14,350,Cash,Mr.,Afternoon,2023,350
225,2023-03-16,Frankie,Fastfood,50,11,550,Cash,Mrs.,Evening,2023,550
226,2022-12-12,Aalopuri,Fastfood,20,13,260,Online,Mrs.,Afternoon,2022,260
227,2022-11-17,Cold coffee,Beverages,40,5,200,Cash,Mrs.,Afternoon,2022,200
228,2022-11-05,Panipuri,Fastfood,20,8,160,Online,Mr.,Night,2022,160
229,2022-12-15,Panipuri,Fastfood,20,7,140,Credit Card,Mr.,Evening,2022,140
230,2022-04-16,Frankie,Fastfood,50,6,300,Online,Mr.,Afternoon,2022,300
231,2022-04-16,Sugarcane juice,Beverages,25,3,75,Credit Card,Mr.,Night,2022,75
232,2022-04-23,Vadapav,Fastfood,20,13,260,Cash,Mrs.,Night,2022,260
233,2022-07-31,Panipuri,Fastfood,20,5,100,Cash,Mr.,Morning,2022,100
234,2022-07-27,Panipuri,Fastfood,20,10,200,Cash,Mr.,Midnight,2022,200
235,2022-11-29,Sandwich,Fastfood,60,10,600,Cash,Mrs.,Afternoon,2022,600
236,2022-06-26,Vadapav,Fastfood,20,12,240,Credit Card,Mrs.,Evening,2022,240
237,2022-11-08,Panipuri,Fastfood,20,13,260,Cash,Mrs.,Midnight,2022,260
238,2022-04-26,Vadapav,Fastfood,20,13,260,Cash,Mr.,Morning,2022,260
239,2022-12-04,Frankie,Fastfood,50,4,200,Online,Mr.,Evening,2022,200
240,2022-12-11,Sandwich,Fastfood,60,10,600,Cash,Mrs.,Morning,2022,600
241,2022-06-06,Sugarcane juice,Beverages,25,2,50,Cash,Mr.,Afternoon,2022,50
242,2022-12-23,Cold coffee,Beverages,40,4,160,Online,Mrs.,Midnight,2022,160
243,2022-11-12,Panipuri,Fastfood,20,5,100,Cash,Mrs.,Midnight,2022,100
244,2022-11-22,Sandwich,Fastfood,60,10,600,Online,Mrs.,Midnight,2022,600
245,2022-10-03,Vadapav,Fastfood,20,2,40,Cash,Mrs.,Morning,2022,40
246,2022-11-16,Vadapav,Fastfood,20,10,200,Cash,Mr.,Afternoon,2022,200
247,2022-10-03,Sugarcane juice,Beverages,25,6,150,Credit Card,Mr.,Midnight,2022,150
248,2022-04-17,Frankie,Fastfood,50,5,250,Online,Mrs.,Midnight,2022,250
249,2022-10-26,Sugarcane juice,Beverages,25,3,75,Online,Mrs.,Afternoon,2022,75
250,2022-11-15,Sugarcane juice,Beverages,25,6,150,Online,Mrs.,Midnight,2022,150
251,2022-12-21,Cold coffee,Beverages,40,13,520,Credit Card,Mrs.,Afternoon,2022,520
252,2023-03-26,Vadapav,Fastfood,20,8,160,Online,Mr.,Midnight,2023,160
253,2022-06-18,Sugarcane juice,Beverages,25,13,325,Online,Mr.,Afternoon,2022,325
254,2022-10-09,Cold coffee,Beverages,40,12,480,Credit Card,Mrs.,Afternoon,2022,480
255,2022-04-30,Vadapav,Fastfood,20,7,140,Credit Card,Mrs.,Afternoon,2022,140
256,2023-03-16,Aalopuri,Fastfood,20,3,60,Online,Mrs.,Midnight,2023,60
257,2023-01-03,Sandwich,Fastfood,60,10,600,Cash,Mrs.,Midnight,2023,600
258,2022-09-06,Vadapav,Fastfood,20,14,280,Cash,Mr.,Midnight,2022,280
259,2022-11-18,Sandwich,Fastfood,60,4,240,Online,Mr.,Morning,2022,240
260,2022-09-10,Sugarcane juice,Beverages,25,2,50,Online,Mrs.,Night,2022,50
261,2023-01-11,Frankie,Fastfood,50,9,450,Cash,Mrs.,Midnight,2023,450
262,2023-03-05,Vadapav,Fastfood,20,5,100,Credit Card,Mrs.,Evening,2023,100
263,2022-06-19,Panipuri,Fastfood,20,2,40,Cash,Mr.,Evening,2022,40
264,2022-07-18,Sugarcane juice,Beverages,25,12,300,Online,Mr.,Morning,2022,300
265,2022-08-15,Vadapav,Fastfood,20,6,120,Cash,Mr.,Midnight,2022,120
266,2022-10-02,Frankie,Fastfood,50,10,500,Online,Mrs.,Night,2022,500
267,2023-03-05,Vadapav,Fastfood,20,1,20,Cash,Mr.,Morning,2023,20
268,2023-02-05,Cold coffee,Beverages,40,12,480,Cash,Mrs.,Midnight,2023,480
269,2022-12-22,Panipuri,Fastfood,20,2,40,Credit Card,Mrs.,Midnight,2022,40
270,2022-09-07,Sandwich,Fastfood,60,13,780,Cash,Mr.,Evening,2022,780
271,2022-05-03,Vadapav,Fastfood,20,13,260,Cash,Mr.,Evening,2022,260
272,2022-07-29,Frankie,Fastfood,50,5,250,Online,Mrs.,Night,2022,250
273,2022-08-15,Panipuri,Fastfood,20,15,300,Cash,Mr.,Midnight,2022,300
274,2023-01-04,Sugarcane juice,Beverages,25,10,250,Online,Mr.,Night,2023,250
275,2023-02-04,Vadapav,Fastfood,20,15,300,Online,Mr.,Night,2023,300
276,2022-09-30,Sugarcane juice,Beverages,25,6,150,Cash,Mr.,Midnight,2022,150
277,2022-12-08,Cold coffee,Beverages,40,13,520,Cash,Mrs.,Midnight,2022,520
278,2022-06-19,Frankie,Fastfood,50,6,300,Online,Mrs.,Night,2022,300
279,2022-09-14,Vadapav,Fastfood,20,15,300,Cash,Mrs.,Afternoon,2022,300
280,2022-10-09,Panipuri,Fastfood,20,14,280,Online,Mrs.,Evening,2022,280
281,2022-08-09,Sandwich,Fastfood,60,3,180,Cash,Mrs.,Afternoon,2022,180
282,2022-05-16,Vadapav,Fastfood,20,13,260,Credit Card,Mrs.,Morning,2022,260
283,2022-07-02,Panipuri,Fastfood,20,2,40,Cash,Mrs.,Midnight,2022,40
284,2023-01-29,Frankie,Fastfood,50,7,350,Credit Card,Mr.,Afternoon,2023,350
285,2022-06-28,Aalopuri,Fastfood,20,3,60,Credit Card,Mr.,Night,2022,60
286,2022-12-14,Vadapav,Fastfood,20,6,120,Credit Card,Mr.,Night,2022,120
287,2022-08-06,Aalopuri,Fastfood,20,3,60,Cash,Mr.,Morning,2022,60
288,2022-08-22,Sandwich,Fastfood,60,7,420,Cash,Mr.,Night,2022,420
289,2022-11-28,Aalopuri,Fastfood,20,7,140,Online,Mrs.,Midnight,2022,140
290,2022-05-03,Panipuri,Fastfood,20,7,140,Cash,Mrs.,Morning,2022,140
291,2023-01-27,Frankie,Fastfood,50,8,400,Online,Mrs.,Night,2023,400
292,2023-01-16,Frankie,Fastfood,50,2,100,Cash,Mrs.,Midnight,2023,100
293,2022-04-21,Panipuri,Fastfood,20,8,160,Online,Mrs.,Morning,2022,160
294,2022-09-23,Aalopuri,Fastfood,20,1,20,Cash,Mrs.,Evening,2022,20
295,2022-07-21,Sandwich,Fastfood,60,7,420,Cash,Mr.,Midnight,2022,420
296,2023-02-06,Panipuri,Fastfood,20,7,140,Cash,Mrs.,Afternoon,2023,140
297,2022-04-30,Sandwich,Fastfood,60,10,600,Online,Mr.,Evening,2022,600
298,2022-07-19,Sugarcane juice,Beverages,25,9,225,Cash,Mrs.,Afternoon,2022,225
299,2022-07-22,Aalopuri,Fastfood,20,1,20,Online,Mrs.,Evening,2022,20
300,2022-06-27,Aalopuri,Fastfood,20,8,160,Cash,Mr.,Afternoon,2022,160
301,2023-01-28,Panipuri,Fastfood,20,7,140,Cash,Mr.,Night,2023,140
302,2023-03-21,Aalopuri,Fastfood,20,14,280,Cash,Mr.,Night,2023,280
303,2022-07-02,Sugarcane juice,Beverages,25,1,25,Cash,Mrs.,Midnight,2022,25
304,2022-05-28,Vadapav,Fastfood,20,15,300,Online,Mr.,Morning,2022,300
305,2023-03-05,Panipuri,Fastfood,20,4,80,Credit Card,Mrs.,Morning,2023,80
306,2023-03-03,Cold coffee,Beverages,40,8,320,Online,Mrs.,Morning,2023,320
307,2023-02-13,Vadapav,Fastfood,20,8,160,Cash,Mr.,Evening,2023,160
308,2022-12-17,Sandwich,Fastfood,60,13,780,Online,Mr.,Evening,2022,780
309,2022-10-14,Sandwich,Fastfood,60,8,480,Online,Mr.,Evening,2022,480
310,2022-04-25,Vadapav,Fastfood,20,4,80,Cash,Mr.,Afternoon,2022,80
311,2022-07-31,Frankie,Fastfood,50,7,350,Credit Card,Mrs.,Morning,2022,350
312,2022-12-28,Cold coffee,Beverages,40,1,40,Cash,Mrs.,Night,2022,40
313,2022-04-19,Cold coffee,Beverages,40,1,40,Cash,Mr.,Midnight,2022,40
314,2023-02-27,Frankie,Fastfood,50,8,400,Online,Mrs.,Morning,2023,400
315,2023-02-20,Cold coffee,Beverages,40,13,520,Online,Mrs.,Afternoon,2023,520
316,2022-11-02,Frankie,Fastfood,50,4,200,Online,Mr.,Morning,2022,200
317,2023-03-10,Aalopuri,Fastfood,20,12,240,Online,Mrs.,Afternoon,2023,240
318,2022-12-21,Aalopuri,Fastfood,20,10,200,Online,Mrs.,Midnight,2022,200
319,2022-06-30,Frankie,Fastfood,50,15,750,Cash,Mr.,Afternoon,2022,750
320,2023-03-18,Sugarcane juice,Beverages,25,7,175,Cash,Mrs.,Afternoon,2023,175
321,2023-02-08,Frankie,Fastfood,50,12,600,Cash,Mrs.,Evening,2023,600
322,2022-05-05,Cold coffee,Beverages,40,11,440,Cash,Mr.,Morning,2022,440
323,2022-12-29,Aalopuri,Fastfood,20,4,80,Cash,Mr.,Morning,2022,80
324,2022-07-18,Sugarcane juice,Beverages,25,15,375,Online,Mrs.,Night,2022,375
325,2023-03-02,Aalopuri,Fastfood,20,12,240,Credit Card,Mrs.,Afternoon,2023,240
326,2022-05-03,Sandwich,Fastfood,60,8,480,Cash,Mr.,Evening,2022,480
327,2022-11-29,Frankie,Fastfood,50,15,750,Cash,Mrs.,Midnight,2022,750
328,2022-06-16,Vadapav,Fastfood,20,3,60,Online,Mr.,Evening,2022,60
329,2023-01-10,Panipuri,Fastfood,20,7,140,Online,Mrs.,Afternoon,2023,140
330,2022-09-22,Panipuri,Fastfood,20,8,160,Credit Card,Mr.,Morning,2022,160
331,2022-08-21,Panipuri,Fastfood,20,4,80,Online,Mrs.,Evening,2022,80
332,2023-02-17,Aalopuri,Fastfood,20,2,40,Credit Card,Mrs.,Afternoon,2023,40
333,2022-10-30,Sugarcane juice,Beverages,25,11,275,Cash,Mrs.,Afternoon,2022,275
334,2022-04-04,Cold coffee,Beverages,40,4,160,Cash,Mrs.,Evening,2022,160
335,2022-10-24,Cold coffee,Beverages,40,11,440,Cash,Mr.,Night,2022,440
336,2022-09-03,Sugarcane juice,Beverages,25,13,325,Credit Card,Mrs.,Midnight,2022,325
337,2022-10-15,Aalopuri,Fastfood,20,14,280,Online,Mrs.,Midnight,2022,280
338,2022-05-06,Sugarcane juice,Beverages,25,12,300,Cash,Mr.,Morning,2022,300
339,2023-02-16,Sugarcane juice,Beverages,25,1,25,Credit Card,Mrs.,Midnight,2023,25
340,2022-06-02,Cold coffee,Beverages,40,4,160,Cash,Mrs.,Evening,2022,160
341,2023-03-19,Frankie,Fastfood,50,9,450,Cash,Mrs.,Evening,2023,450
342,2023-03-11,Vadapav,Fastfood,20,7,140,Online,Mr.,Afternoon,2023,140
343,2023-01-18,Sugarcane juice,Beverages,25,5,125,Cash,Mr.,Afternoon,2023,125
344,2022-05-13,Cold coffee,Beverages,40,14,560,Cash,Mr.,Night,2022,560
345,2022-05-09,Panipuri,Fastfood,20,14,280,Online,Mrs.,Night,2022,280
346,2023-01-31,Cold coffee,Beverages,40,12,480,Cash,Mr.,Morning,2023,480
347,2022-06-24,Frankie,Fastfood,50,7,350,Cash,Mrs.,Afternoon,2022,350
348,2022-09-19,Vadapav,Fastfood,20,1,20,Online,Mrs.,Midnight,2022,20
349,2022-08-17,Panipuri,Fastfood,20,5,100,Cash,Mrs.,Evening,2022,100
350,2022-09-21,Cold coffee,Beverages,40,8,320,Online,Mrs.,Morning,2022,320
351,2022-07-08,Frankie,Fastfood,50,5,250,Online,Mrs.,Night,2022,250
352,2022-05-25,Frankie,Fastfood,50,11,550,Cash,Mrs.,Night,2022,550
353,2022-05-18,Vadapav,Fastfood,20,4,80,Online,Mrs.,Midnight,2022,80
354,2023-01-16,Panipuri,Fastfood,20,14,280,Online,Mr.,Midnight,2023,280
355,2023-03-15,Cold coffee,Beverages,40,4,160,Online,Mr.,Midnight,2023,160
356,2022-05-26,Sugarcane juice,Beverages,25,14,350,Cash,Mrs.,Night,2022,350
357,2022-09-21,Sandwich,Fastfood,60,9,540,Online,Mrs.,Afternoon,2022,540
358,2022-10-27,Aalopuri,Fastfood,20,6,120,Cash,Mr.,Night,2022,120
359,2022-08-27,Aalopuri,Fastfood,20,13,260,Online,Mrs.,Night,2022,260
360,2022-10-06,Cold coffee,Beverages,40,2,80,Online,Mrs.,Midnight,2022,80
361,2022-06-30,Sandwich,Fastfood,60,15,900,Credit Card,Mrs.,Night,2022,900
362,2022-12-30,Sugarcane juice,Beverages,25,2,50,Cash,Mr.,Morning,2022,50
363,2022-05-09,Frankie,Fastfood,50,9,450,Online,Mr.,Afternoon,2022,450
364,2022-10-11,Cold coffee,Beverages,40,2,80,Online,Mr.,Night,2022,80
365,2022-07-08,Panipuri,Fastfood,20,10,200,Online,Mr.,Night,2022,200
366,2022-11-30,Sugarcane juice,Beverages,25,10,250,Online,Mrs.,Afternoon,2022,250
367,2022-08-10,Panipuri,Fastfood,20,6,120,Credit Card,Mr.,Afternoon,2022,120
368,2022-08-31,Cold coffee,Beverages,40,2,80,Cash,Mr.,Night,2022,80
369,2022-07-03,Sandwich,Fastfood,60,2,120,Online,Mrs.,Evening,2022,120
370,2022-05-28,Panipuri,Fastfood,20,5,100,Credit Card,Mrs.,Midnight,2022,100
371,2022-10-18,Vadapav,Fastfood,20,5,100,Online,Mrs.,Night,2022,100
372,2022-11-19,Frankie,Fastfood,50,12,600,Credit Card,Mr.,Morning,2022,600
373,2022-05-08,Sugarcane juice,Beverages,25,12,300,Cash,Mrs.,Midnight,2022,300
374,2022-07-24,Frankie,Fastfood,50,10,500,Online,Mr.,Midnight,2022,500
375,2022-11-17,Panipuri,Fastfood,20,13,260,Cash,Mr.,Evening,2022,260
376,2022-12-04,Frankie,Fastfood,50,15,750,Cash,Mr.,Midnight,2022,750
377,2022-05-20,Sugarcane juice,Beverages,25,3,75,Online,Mrs.,Evening,2022,75
378,2022-04-24,Vadapav,Fastfood,20,2,40,Cash,Mrs.,Midnight,2022,40
379,2023-02-15,Cold coffee,Beverages,40,14,560,Credit Card,Mr.,Afternoon,2023,560
380,2022-10-20,Sandwich,Fastfood,60,5,300,Online,Mrs.,Afternoon,2022,300
381,2023-02-26,Vadapav,Fastfood,20,1,20,Online,Mr.,Morning,2023,20
382,2022-08-16,Cold coffee,Beverages,40,9,360,Cash,Mrs.,Night,2022,360
383,2022-05-06,Aalopuri,Fastfood,20,7,140,Online,Mrs.,Morning,2022,140
384,2022-10-22,Sugarcane juice,Beverages,25,1,25,Online,Mr.,Afternoon,2022,25
385,2022-04-25,Vadapav,Fastfood,20,5,100,Cash,Mr.,Morning,2022,100
386,2022-11-23,Frankie,Fastfood,50,5,250,Online,Mr.,Midnight,2022,250
387,2023-03-17,Sugarcane juice,Beverages,25,14,350,Cash,Mrs.,Midnight,2023,350
388,2022-10-09,Sandwich,Fastfood,60,14,840,Cash,Mr.,Evening,2022,840
389,2022-12-22,Sandwich,Fastfood,60,12,720,Cash,Mrs.,Evening,2022,720
390,2022-06-18,Sugarcane juice,Beverages,25,5,125,Credit Card,Mr.,Midnight,2022,125
391,2022-04-21,Aalopuri,Fastfood,20,1,20,Online,Mrs.,Night,2022,20
392,2022-09-18,Aalopuri,Fastfood,20,15,300,Online,Mr.,Night,2022,300
393,2022-07-02,Sugarcane juice,Beverages,25,10,250,Online,Mrs.,Evening,2022,250
394,2022-04-03,Sandwich,Fastfood,60,1,60,Cash,Mrs.,Morning,2022,60
395,2023-01-31,Sandwich,Fastfood,60,3,180,Cash,Mrs.,Evening,2023,180
396,2022-10-31,Frankie,Fastfood,50,15,750,Online,Mr.,Morning,2022,750
397,2022-07-06,Aalopuri,Fastfood,20,2,40,Online,Mrs.,Afternoon,2022,40
398,2023-01-13,Panipuri,Fastfood,20,6,120,Online,Mr.,Evening,2023,120
399,2022-06-24,Panipuri,Fastfood,20,9,180,Cash,Mrs.,Evening,2022,180
400,2023-03-04,Cold coffee,Beverages,40,15,600,Cash,Mrs.,Morning,2023,600
401,2022-10-11,Sugarcane juice,Beverages,25,8,200,Online,Mrs.,Midnight,2022,200
402,2023-03-19,Frankie,Fastfood,50,7,350,Cash,Mr.,Night,2023,350
403,2022-09-25,Cold coffee,Beverages,40,3,120,Online,Mrs.,Midnight,2022,120
404,2022-11-26,Frankie,Fastfood,50,7,350,Cash,Mrs.,Midnight,2022,350
405,2022-12-13,Sugarcane juice,Beverages,25,10,250,Cash,Mr.,Night,2022,250
406,2022-10-13,Cold coffee,Beverages,40,4,160,Online,Mrs.,Afternoon,2022,160
407,2023-01-02,Sugarcane juice,Beverages,25,2,50,Cash,Mr.,Evening,2023,50
408,2022-10-05,Vadapav,Fastfood,20,4,80,Online,Mr.,Midnight,2022,80
409,2022-09-15,Aalopuri,Fastfood,20,9,180,Cash,Mrs.,Morning,2022,180
410,2022-11-23,Aalopuri,Fastfood,20,15,300,Online,Mr.,Afternoon,2022,300
411,2022-11-20,Panipuri,Fastfood,20,12,240,Cash,Mr.,Afternoon,2022,240
412,2023-03-09,Sugarcane juice,Beverages,25,14,350,Credit Card,Mr.,Afternoon,2023,350
413,2022-04-03,Aalopuri,Fastfood,20,10,200,Online,Mrs.,Midnight,2022,200
414,2023-01-21,Cold coffee,Beverages,40,13,520,Credit Card,Mr.,Night,2023,520
415,2022-12-05,Vadapav,Fastfood,20,8,160,Online,Mr.,Evening,2022,160
416,2022-08-05,Sandwich,Fastfood,60,9,540,Credit Card,Mr.,Morning,2022,540
417,2023-01-16,Panipuri,Fastfood,20,3,60,Cash,Mr.,Evening,2023,60
418,2022-11-12,Cold coffee,Beverages,40,7,280,Online,Mr.,Night,2022,280
419,2022-10-08,Sugarcane juice,Beverages,25,14,350,Credit Card,Mrs.,Midnight,2022,350
420,2023-01-30,Frankie,Fastfood,50,13,650,Online,Mrs.,Evening,2023,650
421,2023-03-24,Cold coffee,Beverages,40,2,80,Online,Mr.,Midnight,2023,80
422,2022-08-02,Cold coffee,Beverages,40,7,280,Online,Mr.,Evening,2022,280
423,2022-10-21,Frankie,Fastfood,50,7,350,Cash,Mrs.,Night,2022,350
424,2022-04-21,Sugarcane juice,Beverages,25,9,225,Online,Mrs.,Midnight,2022,225
425,2022-08-17,Panipuri,Fastfood,20,14,280,Online,Mr.,Afternoon,2022,280
426,2023-01-20,Frankie,Fastfood,50,14,700,Cash,Mr.,Midnight,2023,700
427,2022-05-21,Sandwich,Fastfood,60,2,120,Online,Mr.,Afternoon,2022,120
428,2022-12-24,Sugarcane juice,Beverages,25,8,200,Online,Mr.,Afternoon,2022,200
429,2022-09-19,Cold coffee,Beverages,40,3,120,Online,Mr.,Night,2022,120
430,2022-11-05,Sandwich,Fastfood,60,4,240,Online,Mr.,Night,2022,240
431,2023-03-16,Panipuri,Fastfood,20,6,120,Online,Mr.,Evening,2023,120
432,2023-03-27,Panipuri,Fastfood,20,6,120,Online,Mr.,Afternoon,2023,120
433,2022-05-27,Panipuri,Fastfood,20,14,280,Online,Mrs.,Evening,2022,280
434,2022-08-21,Aalopuri,Fastfood,20,12,240,Cash,Mr.,Morning,2022,240
435,2022-05-08,Sandwich,Fastfood,60,1,60,Cash,Mrs.,Afternoon,2022,60
436,2023-01-05,Frankie,Fastfood,50,10,500,Cash,Mr.,Midnight,2023,500
437,2022-08-31,Cold coffee,Beverages,40,1,40,Credit Card,Mr.,Morning,2022,40
438,2022-06-20,Cold coffee,Beverages,40,5,200,Online,Mr.,Morning,2022,200
439,2022-09-30,Frankie,Fastfood,50,13,650,Online,Mr.,Afternoon,2022,650
440,2022-11-28,Aalopuri,Fastfood,20,7,140,Cash,Mr.,Afternoon,2022,140
441,2022-11-02,Aalopuri,Fastfood,20,1,20,Online,Mrs.,Midnight,2022,20
442,2022-08-22,Sugarcane juice,Beverages,25,7,175,Online,Mrs.,Night,2022,175
443,2022-09-05,Sugarcane juice,Beverages,25,12,300,Cash,Mrs.,Night,2022,300
444,2022-09-28,Frankie,Fastfood,50,4,200,Credit Card,Mr.,Evening,2022,200
445,2022-10-22,Sandwich,Fastfood,60,14,840,Online,Mrs.,Morning,2022,840
446,2022-08-31,Cold coffee,Beverages,40,9,360,Cash,Mr.,Night,2022,360
447,2023-01-17,Frankie,Fastfood,50,6,300,Online,Mrs.,Afternoon,2023,300
448,2022-07-27,Vadapav,Fastfood,20,6,120,Cash,Mrs.,Evening,2022,120
449,2022-09-09,Frankie,Fastfood,50,4,200,Cash,Mr.,Afternoon,2022,200
450,2022-05-20,Sugarcane juice,Beverages,25,1,25,Online,Mr.,Morning,2022,25
451,2023-03-15,Sugarcane juice,Beverages,25,10,250,Cash,Mrs.,Midnight,2023,250
452,2022-12-25,Frankie,Fastfood,50,5,250,Online,Mr.,Afternoon,2022,250
453,2022-10-20,Sandwich,Fastfood,60,1,60,Online,Mrs.,Midnight,2022,60
454,2023-03-07,Sandwich,Fastfood,60,1,60,Online,Mrs.,Evening,2023,60
455,2023-03-01,Cold coffee,Beverages,40,11,440,Cash,Mr.,Midnight,2023,440
456,2022-12-31,Cold coffee,Beverages,40,13,520,Credit Card,Mrs.,Night,2022,520
457,2022-10-16,Cold coffee,Beverages,40,11,440,Cash,Mr.,Evening,2022,440
458,2022-09-12,Sugarcane juice,Beverages,25,8,200,Cash,Mrs.,Midnight,2022,200
459,2022-06-08,Vadapav,Fastfood,20,14,280,Cash,Mr.,Night,2022,280
460,2022-11-20,Aalopuri,Fastfood,20,2,40,Cash,Mr.,Morning,2022,40
461,2022-07-22,Sugarcane juice,Beverages,25,5,125,Cash,Mr.,Midnight,2022,125
462,2022-04-24,Vadapav,Fastfood,20,3,60,Cash,Mr.,Morning,2022,60
463,2022-06-11,Sandwich,Fastfood,60,6,360,Online,Mr.,Midnight,2022,360
464,2022-10-18,Sugarcane juice,Beverages,25,13,325,Cash,Mr.,Morning,2022,325
465,2023-01-15,Sugarcane juice,Beverages,25,12,300,Online,Mr.,Evening,2023,300
466,2023-01-11,Panipuri,Fastfood,20,6,120,Cash,Mr.,Evening,2023,120
467,2022-10-17,Aalopuri,Fastfood,20,11,220,Online,Mr.,Morning,2022,220
468,2022-09-08,Panipuri,Fastfood,20,2,40,Cash,Mr.,Evening,2022,40
469,2022-05-15,Sandwich,Fastfood,60,7,420,Online,Mrs.,Morning,2022,420
470,2022-09-29,Vadapav,Fastfood,20,8,160,Cash,Mrs.,Morning,2022,160
471,2023-02-13,Panipuri,Fastfood,20,7,140,Cash,Mrs.,Afternoon,2023,140
472,2023-01-11,Panipuri,Fastfood,20,10,200,Credit Card,Mr.,Midnight,2023,200
473,2022-09-04,Sandwich,Fastfood,60,5,300,Cash,Mrs.,Evening,2022,300
474,2022-08-28,Sugarcane juice,Beverages,25,15,375,Cash,Mrs.,Night,2022,375
475,2023-02-24,Cold coffee,Beverages,40,6,240,Cash,Mrs.,Night,2023,240
476,2023-02-02,Aalopuri,Fastfood,20,10,200,Cash,Mr.,Morning,2023,200
477,2023-02-13,Sandwich,Fastfood,60,15,900,Cash,Mrs.,Midnight,2023,900
478,2022-12-27,Sugarcane juice,Beverages,25,9,225,Cash,Mrs.,Afternoon,2022,225
479,2023-02-13,Sandwich,Fastfood,60,11,660,Cash,Mrs.,Afternoon,2023,660
480,2022-10-02,Vadapav,Fastfood,20,12,240,Cash,Mr.,Evening,2022,240
481,2022-10-29,Sugarcane juice,Beverages,25,4,100,Cash,Mr.,Evening,2022,100
482,2023-01-31,Aalopuri,Fastfood,20,1,20,Online,Mr.,Afternoon,2023,20
483,2022-04-27,Panipuri,Fastfood,20,9,180,Cash,Mrs.,Morning,2022,180
484,2023-03-21,Cold coffee,Beverages,40,5,200,Cash,Mrs.,Afternoon,2023,200
485,2023-02-26,Aalopuri,Fastfood,20,6,120,Cash,Mrs.,Midnight,2023,120
486,2023-02-14,Vadapav,Fastfood,20,6,120,Cash,Mrs.,Midnight,2023,120
487,2022-05-27,Sandwich,Fastfood,60,9,540,Cash,Mrs.,Midnight,2022,540
488,2022-09-21,Cold coffee,Beverages,40,10,400,Cash,Mr.,Midnight,2022,400
489,2023-02-03,Frankie,Fastfood,50,13,650,Online,Mrs.,Evening,2023,650
490,2022-12-26,Cold coffee,Beverages,40,8,320,Cash,Mr.,Morning,2022,320
491,2022-05-31,Vadapav,Fastfood,20,2,40,Online,Mrs.,Midnight,2022,40
492,2022-07-11,Sandwich,Fastfood,60,15,900,Cash,Mr.,Afternoon,2022,900
493,2022-10-02,Cold coffee,Beverages,40,2,80,Online,Mr.,Morning,2022,80
494,2023-01-14,Cold coffee,Beverages,40,10,400,Cash,Mrs.,Night,2023,400
495,2022-10-20,Aalopuri,Fastfood,20,13,260,Online,Mrs.,Midnight,2022,260
496,2022-11-07,Cold coffee,Beverages,40,10,400,Online,Mrs.,Night,2022,400
497,2023-01-25,Sandwich,Fastfood,60,7,420,Cash,Mr.,Midnight,2023,420
498,2022-06-16,Frankie,Fastfood,50,1,50,Cash,Mr.,Midnight,2022,50
499,2022-07-27,Sandwich,Fastfood,60,8,480,Online,Mrs.,Evening,2022,480
500,2022-04-08,Vadapav,Fastfood,20,4,80,Online,Mrs.,Midnight,2022,80
501,2022-08-09,Sugarcane juice,Beverages,25,14,350,Online,Mrs.,Afternoon,2022,350
502,2023-01-04,Panipuri,Fastfood,20,13,260,Online,Mr.,Night,2023,260
503,2022-11-04,Aalopuri,Fastfood,20,13,260,Cash,Mrs.,Morning,2022,260
504,2022-12-09,Cold coffee,Beverages,40,8,320,Cash,Mr.,Evening,2022,320
505,2023-02-12,Frankie,Fastfood,50,4,200,Cash,Mr.,Night,2023,200
506,2022-12-26,Cold coffee,Beverages,40,12,480,Cash,Mrs.,Midnight,2022,480
507,2022-12-14,Aalopuri,Fastfood,20,14,280,Online,Mrs.,Morning,2022,280
508,2022-12-10,Sandwich,Fastfood,60,1,60,Cash,Mr.,Night,2022,60
509,2022-10-26,Vadapav,Fastfood,20,11,220,Online,Mr.,Evening,2022,220
510,2022-04-04,Sandwich,Fastfood,60,14,840,Online,Mr.,Afternoon,2022,840
511,2022-08-02,Panipuri,Fastfood,20,4,80,Cash,Mrs.,Night,2022,80
512,2023-01-11,Panipuri,Fastfood,20,3,60,Cash,Mrs.,Afternoon,2023,60
513,2022-07-16,Cold coffee,Beverages,40,5,200,Cash,Mrs.,Night,2022,200
514,2022-08-24,Cold coffee,Beverages,40,8,320,Online,Mrs.,Evening,2022,320
515,2022-11-02,Sandwich,Fastfood,60,7,420,Credit Card,Mrs.,Night,2022,420
516,2022-09-22,Sugarcane juice,Beverages,25,12,300,Online,Mrs.,Midnight,2022,300
517,2022-07-02,Panipuri,Fastfood,20,13,260,Online,Mr.,Evening,2022,260
518,2022-12-09,Aalopuri,Fastfood,20,6,120,Cash,Mrs.,Morning,2022,120
519,2022-11-25,Cold coffee,Beverages,40,10,400,Cash,Mr.,Morning,2022,400
520,2022-04-03,Panipuri,Fastfood,20,11,220,Online,Mrs.,Night,2022,220
521,2023-01-27,Panipuri,Fastfood,20,14,280,Online,Mr.,Morning,2023,280
522,2022-12-29,Panipuri,Fastfood,20,13,260,Cash,Mrs.,Midnight,2022,260
523,2022-11-03,Frankie,Fastfood,50,6,300,Cash,Mr.,Afternoon,2022,300
524,2022-05-01,Aalopuri,Fastfood,20,13,260,Online,Mr.,Afternoon,2022,260
525,2022-05-04,Vadapav,Fastfood,20,3,60,Cash,Mr.,Midnight,2022,60
526,2022-07-04,Sandwich,Fastfood,60,10,600,Cash,Mrs.,Evening,2022,600
527,2023-01-06,Sugarcane juice,Beverages,25,6,150,Cash,Mrs.,Afternoon,2023,150
528,2022-07-01,Sugarcane juice,Beverages,25,7,175,Cash,Mrs.,Midnight,2022,175
529,2022-05-15,Aalopuri,Fastfood,20,12,240,Credit Card,Mrs.,Afternoon,2022,240
530,2022-07-27,Panipuri,Fastfood,20,6,120,Cash,Mrs.,Night,2022,120
531,2022-10-04,Cold coffee,Beverages,40,10,400,Cash,Mr.,Night,2022,400
532,2023-03-27,Panipuri,Fastfood,20,13,260,Online,Mrs.,Midnight,2023,260
533,2023-02-05,Frankie,Fastfood,50,2,100,Credit Card,Mrs.,Night,2023,100
534,2022-05-16,Vadapav,Fastfood,20,2,40,Online,Mrs.,Night,2022,40
535,2022-09-05,Sandwich,Fastfood,60,4,240,Online,Mr.,Midnight,2022,240
536,2023-03-01,Sugarcane juice,Beverages,25,7,175,Cash,Mrs.,Evening,2023,175
537,2023-01-25,Panipuri,Fastfood,20,3,60,Cash,Mr.,Evening,2023,60
538,2022-06-05,Panipuri,Fastfood,20,7,140,Online,Mr.,Morning,2022,140
539,2022-09-07,Panipuri,Fastfood,20,3,60,Online,Mr.,Evening,2022,60
540,2022-05-27,Vadapav,Fastfood,20,13,260,Cash,Mr.,Afternoon,2022,260
541,2022-07-30,Panipuri,Fastfood,20,12,240,Cash,Mr.,Night,2022,240
542,2022-08-04,Sugarcane juice,Beverages,25,9,225,Cash,Mr.,Evening,2022,225
543,2022-04-10,Aalopuri,Fastfood,20,15,300,Cash,Mrs.,Evening,2022,300
544,2022-12-14,Sandwich,Fastfood,60,15,900,Online,Mrs.,Morning,2022,900
545,2023-01-01,Sandwich,Fastfood,60,13,780,Online,Mrs.,Midnight,2023,780
546,2022-07-09,Aalopuri,Fastfood,20,1,20,Cash,Mrs.,Midnight,2022,20
547,2022-05-14,Cold coffee,Beverages,40,10,400,Online,Mr.,Morning,2022,400
548,2023-03-29,Cold coffee,Beverages,40,14,560,Cash,Mr.,Afternoon,2023,560
549,2022-04-15,Sugarcane juice,Beverages,25,3,75,Online,Mr.,Afternoon,2022,75
550,2022-11-15,Cold coffee,Beverages,40,15,600,Online,Mr.,Afternoon,2022,600
551,2022-07-30,Sugarcane juice,Beverages,25,7,175,Cash,Mr.,Evening,2022,175
552,2022-09-12,Sugarcane juice,Beverages,25,15,375,Cash,Mrs.,Midnight,2022,375
553,2022-11-11,Panipuri,Fastfood,20,14,280,Cash,Mr.,Evening,2022,280
554,2023-03-09,Panipuri,Fastfood,20,4,80,Cash,Mrs.,Afternoon,2023,80
555,2022-04-16,Sandwich,Fastfood,60,6,360,Cash,Mrs.,Evening,2022,360
556,2023-02-27,Vadapav,Fastfood,20,9,180,Cash,Mrs.,Night,2023,180
557,2022-06-30,Sandwich,Fastfood,60,2,120,Cash,Mrs.,Evening,2022,120
558,2022-10-01,Panipuri,Fastfood,20,5,100,Online,Mr.,Morning,2022,100
559,2022-08-31,Cold coffee,Beverages,40,5,200,Online,Mrs.,Night,2022,200
560,2022-12-10,Sugarcane juice,Beverages,25,1,25,Cash,Mr.,Evening,2022,25
561,2022-06-13,Panipuri,Fastfood,20,1,20,Cash,Mrs.,Midnight,2022,20
562,2022-08-09,Frankie,Fastfood,50,4,200,Cash,Mr.,Afternoon,2022,200
563,2022-10-13,Frankie,Fastfood,50,7,350,Online,Mrs.,Evening,2022,350
564,2022-09-27,Cold coffee,Beverages,40,2,80,Credit Card,Mr.,Morning,2022,80
565,2022-09-27,Panipuri,Fastfood,20,15,300,Cash,Mr.,Evening,2022,300
566,2022-07-19,Frankie,Fastfood,50,3,150,Cash,Mr.,Evening,2022,150
567,2022-10-16,Cold coffee,Beverages,40,7,280,Online,Mrs.,Afternoon,2022,280
568,2022-12-29,Panipuri,Fastfood,20,12,240,Credit Card,Mrs.,Afternoon,2022,240
569,2023-01-02,Cold coffee,Beverages,40,15,600,Online,Mrs.,Midnight,2023,600
570,2022-09-15,Sugarcane juice,Beverages,25,4,100,Cash,Mr.,Morning,2022,100
571,2022-11-28,Sugarcane juice,Beverages,25,1,25,Cash,Mrs.,Evening,2022,25
572,2022-04-02,Sandwich,Fastfood,60,15,900,Cash,Mr.,Afternoon,2022,900
573,2022-09-07,Frankie,Fastfood,50,2,100,Cash,Mr.,Afternoon,2022,100
574,2022-10-22,Aalopuri,Fastfood,20,1,20,Cash,Mrs.,Night,2022,20
575,2022-12-24,Vadapav,Fastfood,20,1,20,Online,Mrs.,Midnight,2022,20
576,2023-03-23,Panipuri,Fastfood,20,12,240,Cash,Mrs.,Afternoon,2023,240
577,2022-09-06,Cold coffee,Beverages,40,7,280,Cash,Mr.,Evening,2022,280
578,2022-06-30,Frankie,Fastfood,50,5,250,Online,Mrs.,Night,2022,250
579,2022-04-27,Panipuri,Fastfood,20,2,40,Cash,Mr.,Evening,2022,40
580,2022-07-01,Panipuri,Fastfood,20,10,200,Online,Mr.,Night,2022,200
581,2022-04-23,Sugarcane juice,Beverages,25,13,325,Cash,Mr.,Afternoon,2022,325
582,2022-05-12,Aalopuri,Fastfood,20,13,260,Cash,Mr.,Morning,2022,260
583,2022-05-31,Frankie,Fastfood,50,8,400,Cash,Mr.,Night,2022,400
584,2022-12-04,Cold coffee,Beverages,40,15,600,Cash,Mr.,Morning,2022,600
585,2023-03-05,Vadapav,Fastfood,20,11,220,Cash,Mrs.,Morning,2023,220
586,2022-05-22,Sandwich,Fastfood,60,15,900,Online,Mr.,Night,2022,900
587,2022-04-09,Aalopuri,Fastfood,20,10,200,Cash,Mrs.,Night,2022,200
588,2022-06-16,Frankie,Fastfood,50,11,550,Cash,Mrs.,Morning,2022,550
589,2022-08-25,Cold coffee,Beverages,40,5,200,Cash,Mr.,Night,2022,200
590,2023-03-27,Panipuri,Fastfood,20,15,300,Online,Mr.,Midnight,2023,300
591,2022-10-01,Sandwich,Fastfood,60,13,780,Cash,Mrs.,Morning,2022,780
592,2022-12-04,Sugarcane juice,Beverages,25,7,175,Cash,Mr.,Morning,2022,175
593,2023-02-16,Sugarcane juice,Beverages,25,9,225,Cash,Mrs.,Evening,2023,225
594,2023-01-20,Frankie,Fastfood,50,6,300,Cash,Mrs.,Morning,2023,300
595,2023-02-22,Frankie,Fastfood,50,9,450,Online,Mr.,Afternoon,2023,450
596,2022-04-26,Cold coffee,Beverages,40,1,40,Online,Mrs.,Night,2022,40
597,2022-11-30,Panipuri,Fastfood,20,10,200,Online,Mr.,Midnight,2022,200
598,2022-08-02,Cold coffee,Beverages,40,8,320,Cash,Mrs.,Afternoon,2022,320
599,2022-10-03,Frankie,Fastfood,50,13,650,Cash,Mr.,Morning,2022,650
600,2022-12-24,Panipuri,Fastfood,20,6,120,Cash,Mrs.,Morning,2022,120
601,2022-11-01,Aalopuri,Fastfood,20,12,240,Online,Mr.,Morning,2022,240
602,2022-08-27,Aalopuri,Fastfood,20,10,200,Cash,Mr.,Night,2022,200
603,2022-08-31,Vadapav,Fastfood,20,10,200,Cash,Mrs.,Afternoon,2022,200
604,2022-09-08,Frankie,Fastfood,50,10,500,Cash,Mrs.,Night,2022,500
605,2022-04-04,Cold coffee,Beverages,40,15,600,Credit Card,Mrs.,Afternoon,2022,600
606,2022-04-09,Cold coffee,Beverages,40,6,240,Cash,Mrs.,Night,2022,240
607,2022-12-15,Vadapav,Fastfood,20,9,180,Cash,Mrs.,Afternoon,2022,180
608,2023-02-28,Aalopuri,Fastfood,20,1,20,Online,Mr.,Midnight,2023,20
609,2023-02-07,Aalopuri,Fastfood,20,14,280,Credit Card,Mr.,Midnight,2023,280
610,2022-05-08,Frankie,Fastfood,50,13,650,Online,Mrs.,Evening,2022,650
611,2022-06-25,Aalopuri,Fastfood,20,2,40,Online,Mrs.,Morning,2022,40
612,2023-02-06,Aalopuri,Fastfood,20,3,60,Online,Mr.,Midnight,2023,60
613,2022-06-10,Vadapav,Fastfood,20,5,100,Online,Mrs.,Night,2022,100
614,2022-12-19,Vadapav,Fastfood,20,2,40,Credit Card,Mr.,Morning,2022,40
615,2022-08-14,Sandwich,Fastfood,60,14,840,Credit Card,Mr.,Morning,2022,840
616,2022-07-15,Vadapav,Fastfood,20,6,120,Online,Mrs.,Midnight,2022,120
617,2022-06-28,Sugarcane juice,Beverages,25,2,50,Cash,Mr.,Night,2022,50
618,2022-04-08,Frankie,Fastfood,50,1,50,Online,Mr.,Evening,2022,50
619,2022-09-09,Sugarcane juice,Beverages,25,4,100,Cash,Mrs.,Morning,2022,100
620,2022-09-14,Panipuri,Fastfood,20,12,240,Online,Mrs.,Evening,2022,240
621,2023-02-13,Aalopuri,Fastfood,20,2,40,Online,Mrs.,Evening,2023,40
622,2022-12-14,Panipuri,Fastfood,20,13,260,Online,Mr.,Afternoon,2022,260
623,2022-04-02,Cold coffee,Beverages,40,15,600,Cash,Mr.,Midnight,2022,600
624,2023-03-08,Sandwich,Fastfood,60,9,540,Cash,Mrs.,Morning,2023,540
625,2022-06-17,Sandwich,Fastfood,60,15,900,Online,Mr.,Morning,2022,900
626,2023-02-01,Cold coffee,Beverages,40,15,600,Cash,Mr.,Night,2023,600
627,2022-06-22,Sugarcane juice,Beverages,25,15,375,Online,Mr.,Afternoon,2022,375
628,2022-05-02,Cold coffee,Beverages,40,10,400,Credit Card,Mrs.,Night,2022,400
629,2023-01-20,Sugarcane juice,Beverages,25,9,225,Cash,Mrs.,Evening,2023,225
630,2022-05-27,Frankie,Fastfood,50,7,350,Credit Card,Mrs.,Morning,2022,350
631,2022-07-01,Cold coffee,Beverages,40,13,520,Cash,Mrs.,Evening,2022,520
632,2022-10-28,Panipuri,Fastfood,20,9,180,Online,Mrs.,Night,2022,180
633,2022-05-24,Cold coffee,Beverages,40,3,120,Online,Mr.,Evening,2022,120
634,2022-07-26,Panipuri,Fastfood,20,13,260,Cash,Mr.,Afternoon,2022,260
635,2023-02-06,Vadapav,Fastfood,20,15,300,Online,Mrs.,Night,2023,300
636,2022-04-26,Cold coffee,Beverages,40,12,480,Credit Card,Mr.,Morning,2022,480
637,2022-05-14,Aalopuri,Fastfood,20,7,140,Cash,Mr.,Midnight,2022,140
638,2022-08-20,Cold coffee,Beverages,40,11,440,Online,Mrs.,Afternoon,2022,440
639,2023-01-26,Vadapav,Fastfood,20,14,280,Cash,Mrs.,Morning,2023,280
640,2023-01-04,Sandwich,Fastfood,60,15,900,Online,Mr.,Night,2023,900
641,2023-02-09,Vadapav,Fastfood,20,15,300,Cash,Mr.,Afternoon,2023,300
642,2022-05-09,Cold coffee,Beverages,40,10,400,Online,Mrs.,Morning,2022,400
643,2022-10-20,Sugarcane juice,Beverages,25,2,50,Cash,Mr.,Afternoon,2022,50
644,2023-02-03,Panipuri,Fastfood,20,5,100,Online,Mrs.,Evening,2023,100
645,2022-07-26,Sandwich,Fastfood,60,9,540,Cash,Mrs.,Night,2022,540
646,2022-08-30,Vadapav,Fastfood,20,14,280,Online,Mrs.,Afternoon,2022,280
647,2022-06-05,Vadapav,Fastfood,20,3,60,Cash,Mr.,Afternoon,2022,60
648,2022-05-27,Sandwich,Fastfood,60,7,420,Cash,Mr.,Night,2022,420
649,2022-11-05,Frankie,Fastfood,50,9,450,Cash,Mr.,Midnight,2022,450
650,2022-04-07,Sandwich,Fastfood,60,13,780,Online,Mrs.,Morning,2022,780
651,2022-07-11,Sandwich,Fastfood,60,10,600,Online,Mrs.,Midnight,2022,600
652,2022-05-21,Cold coffee,Beverages,40,13,520,Online,Mrs.,Afternoon,2022,520
653,2022-05-30,Frankie,Fastfood,50,10,500,Online,Mrs.,Midnight,2022,500
654,2023-03-04,Vadapav,Fastfood,20,9,180,Cash,Mrs.,Morning,2023,180
655,2022-06-30,Sugarcane juice,Beverages,25,12,300,Online,Mr.,Morning,2022,300
656,2022-11-28,Sandwich,Fastfood,60,6,360,Online,Mrs.,Midnight,2022,360
657,2023-01-10,Cold coffee,Beverages,40,7,280,Credit Card,Mr.,Midnight,2023,280
658,2022-10-10,Aalopuri,Fastfood,20,12,240,Credit Card,Mrs.,Afternoon,2022,240
659,2023-01-21,Panipuri,Fastfood,20,2,40,Online,Mr.,Afternoon,2023,40
660,2022-07-25,Sandwich,Fastfood,60,9,540,Cash,Mrs.,Night,2022,540
661,2022-10-11,Frankie,Fastfood,50,7,350,Online,Mrs.,Midnight,2022,350
662,2023-02-15,Panipuri,Fastfood,20,3,60,Online,Mrs.,Afternoon,2023,60
663,2023-02-05,Sugarcane juice,Beverages,25,1,25,Online,Mr.,Night,2023,25
664,2022-10-31,Frankie,Fastfood,50,10,500,Online,Mrs.,Morning,2022,500
665,2022-05-06,Aalopuri,Fastfood,20,14,280,Online,Mrs.,Evening,2022,280
666,2023-01-25,Panipuri,Fastfood,20,9,180,Cash,Mr.,Evening,2023,180
667,2022-09-28,Vadapav,Fastfood,20,3,60,Cash,Mrs.,Evening,2022,60
668,2022-05-11,Aalopuri,Fastfood,20,4,80,Online,Mr.,Morning,2022,80
669,2023-03-18,Sandwich,Fastfood,60,11,660,Online,Mr.,Evening,2023,660
670,2022-07-05,Panipuri,Fastfood,20,15,300,Cash,Mr.,Night,2022,300
671,2022-10-09,Sandwich,Fastfood,60,2,120,Online,Mr.,Afternoon,2022,120
672,2022-11-24,Cold coffee,Beverages,40,3,120,Credit Card,Mrs.,Evening,2022,120
673,2022-09-17,Sandwich,Fastfood,60,12,720,Cash,Mr.,Midnight,2022,720
674,2022-07-17,Sugarcane juice,Beverages,25,13,325,Credit Card,Mr.,Morning,2022,325
675,2022-04-17,Sandwich,Fastfood,60,12,720,Cash,Mr.,Night,2022,720
676,2022-05-04,Frankie,Fastfood,50,7,350,Cash,Mrs.,Evening,2022,350
677,2022-05-19,Cold coffee,Beverages,40,3,120,Online,Mrs.,Morning,2022,120
678,2022-05-23,Aalopuri,Fastfood,20,3,60,Online,Mr.,Evening,2022,60
679,2022-11-02,Sandwich,Fastfood,60,12,720,Online,Mr.,Morning,2022,720
680,2022-04-20,Cold coffee,Beverages,40,4,160,Cash,Mr.,Night,2022,160
681,2022-12-09,Frankie,Fastfood,50,9,450,Online,Mrs.,Night,2022,450
682,2022-10-11,Aalopuri,Fastfood,20,14,280,Online,Mr.,Midnight,2022,280
683,2022-08-12,Frankie,Fastfood,50,15,750,Cash,Mr.,Midnight,2022,750
684,2022-09-18,Vadapav,Fastfood,20,5,100,Cash,Mr.,Afternoon,2022,100
685,2022-05-20,Aalopuri,Fastfood,20,3,60,Cash,Mrs.,Afternoon,2022,60
686,2022-11-25,Cold coffee,Beverages,40,5,200,Cash,Mr.,Afternoon,2022,200
687,2022-12-18,Vadapav,Fastfood,20,10,200,Cash,Mrs.,Midnight,2022,200
688,2022-05-14,Frankie,Fastfood,50,5,250,Online,Mr.,Afternoon,2022,250
689,2022-08-13,Vadapav,Fastfood,20,6,120,Cash,Mrs.,Afternoon,2022,120
690,2022-10-05,Vadapav,Fastfood,20,9,180,Cash,Mrs.,Night,2022,180
691,2022-04-01,Sandwich,Fastfood,60,7,420,Cash,Mrs.,Evening,2022,420
692,2023-01-13,Frankie,Fastfood,50,14,700,Online,Mr.,Afternoon,2023,700
693,2022-11-29,Sugarcane juice,Beverages,25,13,325,Online,Mrs.,Midnight,2022,325
694,2022-04-22,Panipuri,Fastfood,20,14,280,Cash,Mr.,Midnight,2022,280
695,2022-08-24,Panipuri,Fastfood,20,10,200,Online,Mrs.,Midnight,2022,200
696,2023-02-23,Sugarcane juice,Beverages,25,3,75,Online,Mrs.,Evening,2023,75
697,2022-05-05,Sugarcane juice,Beverages,25,5,125,Cash,Mr.,Midnight,2022,125
698,2022-11-26,Panipuri,Fastfood,20,10,200,Online,Mr.,Night,2022,200
699,2022-09-09,Cold coffee,Beverages,40,1,40,Online,Mr.,Evening,2022,40
700,2022-11-15,Frankie,Fastfood,50,6,300,Cash,Mrs.,Evening,2022,300
701,2022-07-19,Sugarcane juice,Beverages,25,14,350,Online,Mrs.,Evening,2022,350
702,2023-03-25,Cold coffee,Beverages,40,13,520,Cash,Mrs.,Afternoon,2023,520
703,2022-11-01,Panipuri,Fastfood,20,10,200,Online,Mrs.,Afternoon,2022,200
704,2022-08-14,Sandwich,Fastfood,60,1,60,Online,Mrs.,Evening,2022,60
705,2022-10-07,Sandwich,Fastfood,60,6,360,Online,Mr.,Evening,2022,360
706,2023-02-05,Frankie,Fastfood,50,8,400,Online,Mr.,Night,2023,400
707,2022-12-16,Panipuri,Fastfood,20,2,40,Online,Mr.,Night,2022,40
708,2023-03-15,Sandwich,Fastfood,60,5,300,Cash,Mrs.,Midnight,2023,300
709,2023-02-22,Cold coffee,Beverages,40,6,240,Cash,Mr.,Morning,2023,240
710,2023-03-15,Sandwich,Fastfood,60,15,900,Credit Card,Mr.,Night,2023,900
711,2022-10-30,Aalopuri,Fastfood,20,3,60,Cash,Mr.,Afternoon,2022,60
712,2022-12-17,Vadapav,Fastfood,20,3,60,Online,Mrs.,Midnight,2022,60
713,2022-12-02,Sugarcane juice,Beverages,25,14,350,Online,Mrs.,Morning,2022,350
714,2022-12-14,Sugarcane juice,Beverages,25,14,350,Cash,Mr.,Afternoon,2022,350
715,2022-04-12,Sandwich,Fastfood,60,1,60,Online,Mr.,Morning,2022,60
716,2022-12-03,Panipuri,Fastfood,20,9,180,Cash,Mrs.,Midnight,2022,180
717,2022-10-11,Sugarcane juice,Beverages,25,15,375,Credit Card,Mrs.,Evening,2022,375
718,2022-12-28,Aalopuri,Fastfood,20,2,40,Online,Mr.,Afternoon,2022,40
719,2022-05-09,Vadapav,Fastfood,20,15,300,Cash,Mrs.,Midnight,2022,300
720,2022-05-10,Frankie,Fastfood,50,14,700,Cash,Mrs.,Morning,2022,700
721,2022-08-13,Panipuri,Fastfood,20,12,240,Credit Card,Mr.,Afternoon,2022,240
722,2022-09-14,Vadapav,Fastfood,20,15,300,Credit Card,Mr.,Midnight,2022,300
723,2023-02-16,Cold coffee,Beverages,40,10,400,Online,Mr.,Evening,2023,400
724,2022-06-27,Frankie,Fastfood,50,10,500,Cash,Mrs.,Night,2022,500
725,2022-07-04,Vadapav,Fastfood,20,6,120,Online,Mrs.,Afternoon,2022,120
726,2022-09-11,Panipuri,Fastfood,20,1,20,Online,Mr.,Morning,2022,20
727,2022-08-25,Aalopuri,Fastfood,20,5,100,Cash,Mrs.,Midnight,2022,100
728,2022-08-03,Vadapav,Fastfood,20,1,20,Online,Mr.,Midnight,2022,20
729,2022-11-24,Sandwich,Fastfood,60,7,420,Cash,Mr.,Night,2022,420
730,2022-06-28,Frankie,Fastfood,50,13,650,Cash,Mrs.,Afternoon,2022,650
731,2023-03-09,Frankie,Fastfood,50,10,500,Cash,Mrs.,Afternoon,2023,500
732,2022-06-13,Panipuri,Fastfood,20,7,140,Credit Card,Mrs.,Midnight,2022,140
733,2023-02-03,Frankie,Fastfood,50,10,500,Cash,Mr.,Evening,2023,500
734,2022-10-07,Frankie,Fastfood,50,7,350,Cash,Mr.,Evening,2022,350
735,2022-08-10,Panipuri,Fastfood,20,11,220,Cash,Mr.,Morning,2022,220
736,2022-09-25,Panipuri,Fastfood,20,13,260,Credit Card,Mr.,Afternoon,2022,260
737,2022-09-20,Frankie,Fastfood,50,13,650,Online,Mrs.,Night,2022,650
738,2023-03-01,Sandwich,Fastfood,60,4,240,Online,Mrs.,Morning,2023,240
739,2022-06-06,Aalopuri,Fastfood,20,11,220,Online,Mr.,Night,2022,220
740,2022-07-30,Aalopuri,Fastfood,20,9,180,Cash,Mr.,Midnight,2022,180
741,2022-07-16,Aalopuri,Fastfood,20,5,100,Online,Mr.,Afternoon,2022,100
742,2022-11-18,Panipuri,Fastfood,20,14,280,Online,Mr.,Night,2022,280
743,2022-11-09,Panipuri,Fastfood,20,1,20,Cash,Mr.,Morning,2022,20
744,2022-06-25,Frankie,Fastfood,50,10,500,Cash,Mrs.,Morning,2022,500
745,2022-09-11,Aalopuri,Fastfood,20,2,40,Online,Mr.,Evening,2022,40
746,2022-08-05,Sugarcane juice,Beverages,25,5,125,Online,Mrs.,Midnight,2022,125
747,2023-01-14,Cold coffee,Beverages,40,3,120,Cash,Mrs.,Midnight,2023,120
748,2022-09-20,Sandwich,Fastfood,60,14,840,Cash,Mrs.,Night,2022,840
749,2022-08-31,Vadapav,Fastfood,20,11,220,Cash,Mr.,Morning,2022,220
750,2023-02-01,Frankie,Fastfood,50,1,50,Online,Mr.,Evening,2023,50
751,2022-09-16,Vadapav,Fastfood,20,2,40,Cash,Mr.,Afternoon,2022,40
752,2022-06-04,Panipuri,Fastfood,20,2,40,Online,Mrs.,Morning,2022,40
753,2022-06-26,Sugarcane juice,Beverages,25,1,25,Cash,Mr.,Midnight,2022,25
754,2022-12-29,Sugarcane juice,Beverages,25,14,350,Cash,Mrs.,Evening,2022,350
755,2023-01-02,Aalopuri,Fastfood,20,12,240,Cash,Mrs.,Night,2023,240
756,2022-10-21,Sugarcane juice,Beverages,25,10,250,Online,Mrs.,Morning,2022,250
757,2022-12-25,Sugarcane juice,Beverages,25,11,275,Online,Mr.,Morning,2022,275
758,2022-09-25,Vadapav,Fastfood,20,3,60,Cash,Mrs.,Evening,2022,60
759,2022-12-25,Sugarcane juice,Beverages,25,13,325,Online,Mr.,Midnight,2022,325
760,2022-11-14,Sugarcane juice,Beverages,25,1,25,Online,Mrs.,Evening,2022,25
761,2022-11-12,Sandwich,Fastfood,60,3,180,Credit Card,Mrs.,Midnight,2022,180
762,2022-04-09,Vadapav,Fastfood,20,12,240,Online,Mrs.,Midnight,2022,240
763,2022-07-04,Vadapav,Fastfood,20,14,280,Credit Card,Mrs.,Night,2022,280
764,2023-02-14,Sandwich,Fastfood,60,7,420,Cash,Mrs.,Night,2023,420
765,2022-06-15,Sandwich,Fastfood,60,13,780,Cash,Mr.,Night,2022,780
766,2022-06-19,Sandwich,Fastfood,60,10,600,Online,Mrs.,Morning,2022,600
767,2023-02-26,Frankie,Fastfood,50,8,400,Cash,Mrs.,Afternoon,2023,400
768,2023-01-12,Sandwich,Fastfood,60,14,840,Cash,Mr.,Afternoon,2023,840
769,2022-06-07,Frankie,Fastfood,50,8,400,Cash,Mr.,Morning,2022,400
770,2023-02-22,Aalopuri,Fastfood,20,8,160,Cash,Mrs.,Morning,2023,160
771,2022-08-15,Panipuri,Fastfood,20,5,100,Online,Mrs.,Midnight,2022,100
772,2023-03-20,Cold coffee,Beverages,40,9,360,Cash,Mr.,Evening,2023,360
773,2022-08-14,Cold coffee,Beverages,40,7,280,Online,Mr.,Afternoon,2022,280
774,2023-03-15,Vadapav,Fastfood,20,1,20,Online,Mrs.,Night,2023,20
775,2023-03-27,Sandwich,Fastfood,60,6,360,Cash,Mr.,Night,2023,360
776,2023-02-07,Frankie,Fastfood,50,10,500,Cash,Mr.,Midnight,2023,500
777,2022-10-23,Panipuri,Fastfood,20,13,260,Cash,Mr.,Morning,2022,260
778,2022-06-11,Frankie,Fastfood,50,13,650,Cash,Mr.,Evening,2022,650
779,2023-01-16,Sandwich,Fastfood,60,13,780,Credit Card,Mr.,Night,2023,780
780,2022-11-27,Sugarcane juice,Beverages,25,13,325,Online,Mrs.,Afternoon,2022,325
781,2022-05-27,Aalopuri,Fastfood,20,10,200,Online,Mr.,Midnight,2022,200
782,2022-12-16,Aalopuri,Fastfood,20,5,100,Online,Mr.,Night,2022,100
783,2022-04-29,Aalopuri,Fastfood,20,8,160,Cash,Mr.,Morning,2022,160
784,2022-07-09,Vadapav,Fastfood,20,8,160,Cash,Mrs.,Morning,2022,160
785,2022-12-07,Aalopuri,Fastfood,20,2,40,Online,Mr.,Afternoon,2022,40
786,2023-03-13,Sandwich,Fastfood,60,14,840,Online,Mrs.,Night,2023,840
787,2023-03-25,Aalopuri,Fastfood,20,2,40,Cash,Mrs.,Afternoon,2023,40
788,2022-08-13,Sugarcane juice,Beverages,25,7,175,Online,Mr.,Afternoon,2022,175
789,2022-08-03,Sugarcane juice,Beverages,25,7,175,Cash,Mr.,Morning,2022,175
790,2022-07-20,Panipuri,Fastfood,20,3,60,Cash,Mrs.,Evening,2022,60
791,2022-04-07,Vadapav,Fastfood,20,3,60,Credit Card,Mr.,Midnight,2022,60
792,2023-02-25,Vadapav,Fastfood,20,2,40,Cash,Mrs.,Morning,2023,40
793,2022-08-30,Sandwich,Fastfood,60,6,360,Cash,Mrs.,Night,2022,360
794,2022-10-02,Sugarcane juice,Beverages,25,5,125,Online,Mr.,Afternoon,2022,125
795,2023-01-10,Vadapav,Fastfood,20,9,180,Cash,Mr.,Evening,2023,180
796,2022-06-25,Sugarcane juice,Beverages,25,14,350,Online,Mr.,Night,2022,350
797,2022-11-26,Cold coffee,Beverages,40,11,440,Cash,Mr.,Night,2022,440
798,2022-05-22,Frankie,Fastfood,50,12,600,Credit Card,Mr.,Night,2022,600
799,2023-01-11,Panipuri,Fastfood,20,1,20,Online,Mrs.,Night,2023,20
800,2022-11-06,Cold coffee,Beverages,40,14,560,Cash,Mr.,Night,2022,560
801,2022-04-28,Aalopuri,Fastfood,20,7,140,Cash,Mrs.,Evening,2022,140
802,2023-01-23,Sandwich,Fastfood,60,7,420,Online,Mrs.,Afternoon,2023,420
803,2022-08-27,Vadapav,Fastfood,20,5,100,Credit Card,Mr.,Night,2022,100
804,2022-10-11,Cold coffee,Beverages,40,12,480,Online,Mrs.,Night,2022,480
805,2022-05-08,Sugarcane juice,Beverages,25,1,25,Online,Mr.,Afternoon,2022,25
806,2022-05-23,Vadapav,Fastfood,20,3,60,Online,Mr.,Evening,2022,60
807,2022-06-13,Frankie,Fastfood,50,1,50,Online,Mrs.,Midnight,2022,50
808,2022-09-21,Panipuri,Fastfood,20,1,20,Online,Mr.,Morning,2022,20
809,2022-12-12,Panipuri,Fastfood,20,10,200,Online,Mr.,Evening,2022,200
810,2022-12-27,Vadapav,Fastfood,20,3,60,Online,Mr.,Morning,2022,60
811,2023-03-02,Aalopuri,Fastfood,20,13,260,Cash,Mr.,Afternoon,2023,260
812,2022-08-08,Panipuri,Fastfood,20,5,100,Cash,Mr.,Afternoon,2022,100
813,2022-10-13,Panipuri,Fastfood,20,10,200,Online,Mr.,Afternoon,2022,200
814,2022-10-05,Vadapav,Fastfood,20,13,260,Cash,Mrs.,Midnight,2022,260
815,2022-04-20,Cold coffee,Beverages,40,12,480,Online,Mrs.,Afternoon,2022,480
816,2023-01-11,Sugarcane juice,Beverages,25,11,275,Cash,Mr.,Morning,2023,275
817,2022-05-21,Aalopuri,Fastfood,20,12,240,Cash,Mrs.,Evening,2022,240
818,2023-02-28,Frankie,Fastfood,50,6,300,Cash,Mr.,Night,2023,300
819,2022-10-12,Vadapav,Fastfood,20,10,200,Cash,Mr.,Evening,2022,200
820,2023-02-24,Aalopuri,Fastfood,20,3,60,Credit Card,Mr.,Midnight,2023,60
821,2022-07-24,Aalopuri,Fastfood,20,12,240,Cash,Mrs.,Midnight,2022,240
822,2022-06-17,Panipuri,Fastfood,20,12,240,Online,Mr.,Morning,2022,240
823,2023-02-13,Panipuri,Fastfood,20,11,220,Online,Mr.,Midnight,2023,220
824,2023-01-18,Vadapav,Fastfood,20,2,40,Online,Mrs.,Evening,2023,40
825,2022-10-30,Panipuri,Fastfood,20,14,280,Cash,Mrs.,Morning,2022,280
826,2022-12-02,Sandwich,Fastfood,60,15,900,Cash,Mrs.,Night,2022,900
827,2023-01-06,Sandwich,Fastfood,60,12,720,Cash,Mr.,Midnight,2023,720
828,2022-08-18,Panipuri,Fastfood,20,6,120,Cash,Mr.,Evening,2022,120
829,2022-09-19,Cold coffee,Beverages,40,6,240,Cash,Mr.,Night,2022,240
830,2022-11-28,Cold coffee,Beverages,40,9,360,Credit Card,Mr.,Night,2022,360
831,2022-08-01,Frankie,Fastfood,50,5,250,Online,Mrs.,Morning,2022,250
832,2022-06-06,Sugarcane juice,Beverages,25,4,100,Cash,Mr.,Morning,2022,100
833,2022-09-01,Panipuri,Fastfood,20,2,40,Online,Mrs.,Evening,2022,40
834,2022-05-25,Sugarcane juice,Beverages,25,14,350,Cash,Mr.,Evening,2022,350
835,2022-09-27,Sugarcane juice,Beverages,25,7,175,Online,Mr.,Afternoon,2022,175
836,2022-08-31,Vadapav,Fastfood,20,2,40,Cash,Mrs.,Midnight,2022,40
837,2022-05-19,Aalopuri,Fastfood,20,7,140,Cash,Mr.,Midnight,2022,140
838,2022-07-31,Cold coffee,Beverages,40,9,360,Online,Mrs.,Morning,2022,360
839,2022-05-08,Sugarcane juice,Beverages,25,4,100,Cash,Mrs.,Afternoon,2022,100
840,2023-02-18,Cold coffee,Beverages,40,15,600,Credit Card,Mrs.,Midnight,2023,600
841,2023-02-03,Vadapav,Fastfood,20,9,180,Cash,Mr.,Night,2023,180
842,2022-05-25,Panipuri,Fastfood,20,2,40,Cash,Mrs.,Evening,2022,40
843,2022-07-04,Sugarcane juice,Beverages,25,1,25,Cash,Mrs.,Morning,2022,25
844,2022-05-04,Sugarcane juice,Beverages,25,13,325,Cash,Mr.,Morning,2022,325
845,2022-07-01,Cold coffee,Beverages,40,6,240,Online,Mrs.,Evening,2022,240
846,2022-04-20,Aalopuri,Fastfood,20,5,100,Online,Mr.,Afternoon,2022,100
847,2022-08-14,Panipuri,Fastfood,20,11,220,Online,Mr.,Midnight,2022,220
848,2022-11-10,Frankie,Fastfood,50,9,450,Cash,Mr.,Night,2022,450
849,2022-11-03,Cold coffee,Beverages,40,10,400,Cash,Mrs.,Night,2022,400
850,2022-08-20,Vadapav,Fastfood,20,3,60,Online,Mrs.,Afternoon,2022,60
851,2023-01-28,Aalopuri,Fastfood,20,15,300,Online,Mrs.,Night,2023,300
852,2022-05-05,Sugarcane juice,Beverages,25,8,200,Online,Mr.,Night,2022,200
853,2023-02-17,Cold coffee,Beverages,40,3,120,Online,Mrs.,Midnight,2023,120
854,2022-10-14,Cold coffee,Beverages,40,14,560,Online,Mrs.,Night,2022,560
855,2022-10-23,Vadapav,Fastfood,20,5,100,Online,Mr.,Evening,2022,100
856,2022-05-04,Aalopuri,Fastfood,20,11,220,Cash,Mrs.,Night,2022,220
857,2022-11-08,Sugarcane juice,Beverages,25,14,350,Online,Mrs.,Evening,2022,350
858,2022-11-22,Cold coffee,Beverages,40,9,360,Cash,Mr.,Evening,2022,360
859,2022-10-08,Sandwich,Fastfood,60,11,660,Cash,Mrs.,Midnight,2022,660
860,2022-07-16,Cold coffee,Beverages,40,5,200,Cash,Mr.,Night,2022,200
861,2023-01-24,Sugarcane juice,Beverages,25,8,200,Cash,Mrs.,Night,2023,200
862,2023-03-10,Frankie,Fastfood,50,7,350,Online,Mr.,Night,2023,350
863,2022-09-08,Frankie,Fastfood,50,9,450,Online,Mr.,Night,2022,450
864,2022-08-20,Cold coffee,Beverages,40,9,360,Online,Mr.,Morning,2022,360
865,2023-01-23,Sugarcane juice,Beverages,25,6,150,Cash,Mrs.,Night,2023,150
866,2022-08-13,Frankie,Fastfood,50,10,500,Online,Mr.,Midnight,2022,500
867,2023-01-26,Frankie,Fastfood,50,15,750,Cash,Mr.,Midnight,2023,750
868,2022-08-17,Aalopuri,Fastfood,20,13,260,Cash,Mrs.,Evening,2022,260
869,2022-06-26,Panipuri,Fastfood,20,9,180,Online,Mr.,Midnight,2022,180
870,2022-10-31,Cold coffee,Beverages,40,5,200,Online,Mrs.,Afternoon,2022,200
871,2022-12-07,Vadapav,Fastfood,20,14,280,Credit Card,Mrs.,Evening,2022,280
872,2022-07-14,Sandwich,Fastfood,60,12,720,Cash,Mr.,Afternoon,2022,720
873,2022-05-09,Sugarcane juice,Beverages,25,1,25,Online,Mr.,Night,2022,25
874,2022-05-09,Cold coffee,Beverages,40,4,160,Cash,Mr.,Midnight,2022,160
875,2022-08-05,Vadapav,Fastfood,20,15,300,Cash,Mr.,Evening,2022,300
876,2022-06-10,Cold coffee,Beverages,40,8,320,Online,Mrs.,Evening,2022,320
877,2022-10-27,Sugarcane juice,Beverages,25,14,350,Cash,Mrs.,Afternoon,2022,350
878,2022-08-12,Sandwich,Fastfood,60,6,360,Online,Mr.,Evening,2022,360
879,2022-11-06,Cold coffee,Beverages,40,9,360,Cash,Mrs.,Evening,2022,360
880,2022-06-25,Sugarcane juice,Beverages,25,5,125,Cash,Mrs.,Morning,2022,125
881,2022-05-25,Sandwich,Fastfood,60,2,120,Cash,Mr.,Midnight,2022,120
882,2022-04-23,Panipuri,Fastfood,20,9,180,Online,Mr.,Morning,2022,180
883,2022-08-24,Aalopuri,Fastfood,20,5,100,Online,Mrs.,Midnight,2022,100
884,2023-03-01,Vadapav,Fastfood,20,12,240,Online,Mr.,Night,2023,240
885,2022-10-16,Sugarcane juice,Beverages,25,4,100,Cash,Mr.,Evening,2022,100
886,2022-07-21,Sugarcane juice,Beverages,25,4,100,Cash,Mrs.,Night,2022,100
887,2022-10-24,Aalopuri,Fastfood,20,3,60,Cash,Mr.,Morning,2022,60
888,2022-09-05,Vadapav,Fastfood,20,8,160,Cash,Mr.,Evening,2022,160
889,2022-04-12,Vadapav,Fastfood,20,10,200,Online,Mr.,Midnight,2022,200
890,2023-03-03,Sugarcane juice,Beverages,25,5,125,Cash,Mrs.,Morning,2023,125
891,2022-12-27,Cold coffee,Beverages,40,11,440,Cash,Mr.,Midnight,2022,440
892,2022-07-14,Sugarcane juice,Beverages,25,7,175,Online,Mrs.,Evening,2022,175
893,2022-07-13,Sugarcane juice,Beverages,25,12,300,Cash,Mrs.,Afternoon,2022,300
894,2023-03-19,Sandwich,Fastfood,60,15,900,Cash,Mr.,Morning,2023,900
895,2023-01-03,Sugarcane juice,Beverages,25,11,275,Cash,Mr.,Afternoon,2023,275
896,2022-10-30,Aalopuri,Fastfood,20,13,260,Cash,Mr.,Night,2022,260
897,2022-08-22,Aalopuri,Fastfood,20,6,120,Online,Mr.,Morning,2022,120
898,2023-03-02,Frankie,Fastfood,50,8,400,Cash,Mr.,Afternoon,2023,400
899,2023-01-24,Aalopuri,Fastfood,20,7,140,Cash,Mr.,Midnight,2023,140
900,2022-12-07,Sugarcane juice,Beverages,25,9,225,Online,Mr.,Afternoon,2022,225
901,2022-12-24,Vadapav,Fastfood,20,7,140,Online,Mrs.,Morning,2022,140
902,2022-11-23,Frankie,Fastfood,50,4,200,Online,Mr.,Afternoon,2022,200
903,2023-01-01,Aalopuri,Fastfood,20,15,300,Online,Mr.,Night,2023,300
904,2023-03-12,Aalopuri,Fastfood,20,4,80,Cash,Mrs.,Midnight,2023,80
905,2022-12-13,Frankie,Fastfood,50,15,750,Cash,Mrs.,Midnight,2022,750
906,2022-04-04,Sandwich,Fastfood,60,15,900,Cash,Mr.,Afternoon,2022,900
907,2022-10-19,Cold coffee,Beverages,40,4,160,Credit Card,Mrs.,Midnight,2022,160
908,2023-03-06,Sandwich,Fastfood,60,7,420,Cash,Mrs.,Night,2023,420
909,2023-02-21,Cold coffee,Beverages,40,12,480,Online,Mrs.,Morning,2023,480
910,2022-10-09,Panipuri,Fastfood,20,1,20,Cash,Mrs.,Afternoon,2022,20
911,2022-04-09,Sandwich,Fastfood,60,1,60,Cash,Mr.,Evening,2022,60
912,2022-09-17,Aalopuri,Fastfood,20,6,120,Cash,Mr.,Evening,2022,120
913,2023-02-15,Frankie,Fastfood,50,15,750,Online,Mr.,Evening,2023,750
914,2023-03-01,Sandwich,Fastfood,60,14,840,Cash,Mr.,Night,2023,840
915,2022-10-07,Cold coffee,Beverages,40,7,280,Online,Mr.,Afternoon,2022,280
916,2022-11-17,Cold coffee,Beverages,40,15,600,Credit Card,Mrs.,Afternoon,2022,600
917,2022-05-15,Vadapav,Fastfood,20,15,300,Online,Mr.,Evening,2022,300
918,2022-11-12,Panipuri,Fastfood,20,6,120,Cash,Mr.,Evening,2022,120
919,2023-01-03,Vadapav,Fastfood,20,8,160,Online,Mrs.,Evening,2023,160
920,2022-07-12,Frankie,Fastfood,50,13,650,Online,Mr.,Evening,2022,650
921,2022-09-21,Vadapav,Fastfood,20,14,280,Cash,Mr.,Midnight,2022,280
922,2022-06-13,Frankie,Fastfood,50,5,250,Online,Mrs.,Evening,2022,250
923,2022-05-30,Cold coffee,Beverages,40,3,120,Online,Mr.,Morning,2022,120
924,2022-12-17,Panipuri,Fastfood,20,14,280,Cash,Mr.,Afternoon,2022,280
925,2022-04-10,Frankie,Fastfood,50,4,200,Online,Mrs.,Afternoon,2022,200
926,2023-02-27,Frankie,Fastfood,50,15,750,Cash,Mrs.,Afternoon,2023,750
927,2022-12-02,Cold coffee,Beverages,40,6,240,Credit Card,Mrs.,Evening,2022,240
928,2022-04-07,Sandwich,Fastfood,60,11,660,Online,Mr.,Evening,2022,660
929,2022-06-06,Frankie,Fastfood,50,9,450,Online,Mrs.,Night,2022,450
930,2022-11-27,Sugarcane juice,Beverages,25,10,250,Online,Mr.,Night,2022,250
931,2022-06-26,Aalopuri,Fastfood,20,15,300,Cash,Mr.,Afternoon,2022,300
932,2022-10-18,Sandwich,Fastfood,60,9,540,Online,Mr.,Afternoon,2022,540
933,2023-01-21,Sugarcane juice,Beverages,25,15,375,Online,Mrs.,Afternoon,2023,375
934,2022-09-19,Cold coffee,Beverages,40,4,160,Cash,Mrs.,Afternoon,2022,160
935,2023-02-17,Sandwich,Fastfood,60,12,720,Cash,Mr.,Midnight,2023,720
936,2022-08-10,Panipuri,Fastfood,20,2,40,Credit Card,Mr.,Midnight,2022,40
937,2022-06-22,Panipuri,Fastfood,20,4,80,Cash,Mr.,Night,2022,80
938,2022-08-10,Sugarcane juice,Beverages,25,14,350,Cash,Mr.,Evening,2022,350
939,2023-02-19,Vadapav,Fastfood,20,15,300,Online,Mr.,Midnight,2023,300
940,2023-02-07,Sugarcane juice,Beverages,25,14,350,Online,Mrs.,Midnight,2023,350
941,2023-02-10,Cold coffee,Beverages,40,10,400,Online,Mrs.,Morning,2023,400
942,2022-07-20,Frankie,Fastfood,50,6,300,Cash,Mr.,Night,2022,300
943,2022-06-30,Vadapav,Fastfood,20,6,120,Cash,Mrs.,Night,2022,120
944,2022-05-12,Aalopuri,Fastfood,20,2,40,Cash,Mr.,Midnight,2022,40
945,2022-05-15,Cold coffee,Beverages,40,2,80,Online,Mrs.,Afternoon,2022,80
946,2023-02-21,Sandwich,Fastfood,60,8,480,Cash,Mr.,Midnight,2023,480
947,2022-08-16,Aalopuri,Fastfood,20,11,220,Online,Mr.,Night,2022,220
948,2023-01-16,Sandwich,Fastfood,60,10,600,Online,Mr.,Evening,2023,600
949,2023-01-07,Panipuri,Fastfood,20,1,20,Cash,Mrs.,Evening,2023,20
950,2022-09-25,Frankie,Fastfood,50,6,300,Online,Mrs.,Evening,2022,300
951,2022-11-11,Panipuri,Fastfood,20,11,220,Cash,Mrs.,Afternoon,2022,220
952,2022-09-24,Aalopuri,Fastfood,20,14,280,Cash,Mrs.,Evening,2022,280
953,2022-11-10,Sandwich,Fastfood,60,2,120,Online,Mrs.,Afternoon,2022,120
954,2023-01-31,Aalopuri,Fastfood,20,3,60,Cash,Mrs.,Midnight,2023,60
955,2023-01-27,Sugarcane juice,Beverages,25,7,175,Online,Mr.,Afternoon,2023,175
956,2022-04-30,Frankie,Fastfood,50,13,650,Online,Mr.,Morning,2022,650
957,2023-02-08,Panipuri,Fastfood,20,3,60,Online,Mrs.,Midnight,2023,60
958,2022-05-22,Sandwich,Fastfood,60,11,660,Online,Mrs.,Night,2022,660
959,2022-11-28,Vadapav,Fastfood,20,8,160,Online,Mrs.,Midnight,2022,160
960,2022-08-12,Sugarcane juice,Beverages,25,15,375,Online,Mrs.,Evening,2022,375
961,2023-03-14,Frankie,Fastfood,50,13,650,Cash,Mr.,Night,2023,650
962,2022-05-18,Frankie,Fastfood,50,13,650,Online,Mrs.,Afternoon,2022,650
963,2022-10-05,Vadapav,Fastfood,20,6,120,Cash,Mrs.,Morning,2022,120
964,2022-05-07,Cold coffee,Beverages,40,8,320,Cash,Mr.,Evening,2022,320
965,2022-10-08,Frankie,Fastfood,50,5,250,Online,Mrs.,Night,2022,250
966,2023-03-19,Panipuri,Fastfood,20,11,220,Online,Mrs.,Morning,2023,220
967,2022-06-29,Cold coffee,Beverages,40,14,560,Cash,Mr.,Afternoon,2022,560
968,2022-08-09,Cold coffee,Beverages,40,15,600,Cash,Mrs.,Morning,2022,600
969,2022-11-06,Cold coffee,Beverages,40,11,440,Cash,Mr.,Morning,2022,440
970,2022-11-21,Aalopuri,Fastfood,20,5,100,Online,Mrs.,Afternoon,2022,100
971,2022-10-02,Frankie,Fastfood,50,2,100,Cash,Mrs.,Morning,2022,100
972,2023-03-11,Aalopuri,Fastfood,20,1,20,Cash,Mrs.,Afternoon,2023,20
973,2022-06-07,Sugarcane juice,Beverages,25,1,25,Credit Card,Mrs.,Morning,2022,25
974,2023-01-28,Vadapav,Fastfood,20,13,260,Online,Mr.,Afternoon,2023,260
975,2023-01-15,Aalopuri,Fastfood,20,1,20,Cash,Mr.,Midnight,2023,20
976,2022-04-17,Sugarcane juice,Beverages,25,11,275,Credit Card,Mrs.,Morning,2022,275
977,2023-01-05,Aalopuri,Fastfood,20,1,20,Cash,Mr.,Evening,2023,20
978,2022-10-08,Frankie,Fastfood,50,2,100,Online,Mr.,Night,2022,100
979,2022-05-21,Aalopuri,Fastfood,20,13,260,Cash,Mrs.,Midnight,2022,260
980,2022-06-20,Vadapav,Fastfood,20,9,180,Online,Mr.,Morning,2022,180
981,2023-01-22,Panipuri,Fastfood,20,15,300,Online,Mr.,Midnight,2023,300
982,2023-03-30,Sugarcane juice,Beverages,25,14,350,Cash,Mrs.,Night,2023,350
983,2023-03-17,Cold coffee,Beverages,40,10,400,Credit Card,Mrs.,Night,2023,400
984,2023-01-07,Frankie,Fastfood,50,3,150,Cash,Mr.,Afternoon,2023,150
985,2022-06-14,Frankie,Fastfood,50,1,50,Cash,Mrs.,Afternoon,2022,50
986,2022-04-30,Sugarcane juice,Beverages,25,13,325,Online,Mr.,Night,2022,325
987,2023-01-04,Vadapav,Fastfood,20,3,60,Cash,Mrs.,Evening,2023,60
988,2023-01-03,Frankie,Fastfood,50,13,650,Credit Card,Mrs.,Night,2023,650
989,2022-10-11,Cold coffee,Beverages,40,13,520,Cash,Mr.,Afternoon,2022,520
990,2022-11-24,Vadapav,Fastfood,20,10,200,Online,Mrs.,Morning,2022,200
991,2023-01-18,Sandwich,Fastfood,60,7,420,Cash,Mrs.,Night,2023,420
992,2022-10-21,Sandwich,Fastfood,60,5,300,Cash,Mr.,Morning,2022,300
993,2022-07-17,Frankie,Fastfood,50,3,150,Online,Mrs.,Night,2022,150
994,2022-11-01,Panipuri,Fastfood,20,2,40,Online,Mrs.,Evening,2022,40
995,2022-06-18,Sugarcane juice,Beverages,25,1,25,Online,Mr.,Night,2022,25
996,2023-03-19,Frankie,Fastfood,50,10,500,Credit Card,Mrs.,Evening,2023,500
997,2022-09-20,Sandwich,Fastfood,60,7,420,Credit Card,Mr.,Evening,2022,420
998,2023-01-26,Sandwich,Fastfood,60,13,780,Credit Card,Mr.,Evening,2023,780
999,2022-08-27,Panipuri,Fastfood,20,5,100,Credit Card,Mrs.,Afternoon,2022,100
1000,2022-05-29,Aalopuri,Fastfood,20,3,60,Online,Mrs.,Midnight,2022,60
